study	pathogen	library	design	replicate	plate	well	gene	sirna	well_type	image_idx	object_idx	cells_areashape_area	cells_areashape_eccentricity	cells_areashape_extent	cells_areashape_formfactor	cells_areashape_majoraxislength	cells_areashape_minoraxislength	cells_areashape_perimeter	cells_children_bacteria_count	cells_children_invasomes_count	cells_location_center_x	cells_location_center_y	cells_neighbors_anglebetweenneighbors_2	cells_neighbors_firstclosestobjectnumber_2	cells_neighbors_firstclosestxvector_2	cells_neighbors_firstclosestyvector_2	cells_neighbors_numberofneighbors_2	cells_neighbors_secondclosestobjectnumber_2	cells_neighbors_secondclosestxvector_2	cells_neighbors_secondclosestyvector_2	cells_parent_nuclei
infectx_published	listeria	a	u	1	kb2-02-1x	a01	chka	s3008	sirna	4	144	-0.8044235519947214	0.01210726352227413	1.1159023326616404	1.4749286136850854	-0.9368530225439791	-0.7485320762193192	-1.0209269921587854	-0.7030171063989196		0.44758084788204255	1.2808903222918113	1.3915760955745562	0.14886791955020456	0.6694456185473984	-1.233468444008488	-0.08251849113020833	0.010590200221473884	-0.5078296335206587	1.2455372476249023	0.13572336470424068
infectx_published	listeria	a	u	1	kb2-02-1x	a01	chka	s3008	sirna	5	168	-0.9474170756458388	-0.039871976085510935	0.12623637761668302	0.6198238444834364	-1.0081339830893348	-0.7958945298158145	-0.9485400624476071	-0.6324046272963104		0.4263164931422889	-0.2103784352922985	-0.3939208672316686	0.3941493110686056	-0.37855779937825695	1.0053303722152886	-0.6748007452236651	0.2679722815535008	-1.0621470743283719	-0.5898688769908697	0.42900039380489274
infectx_published	listeria	a	u	1	kb2-02-1x	a01	chka	s3008	sirna	2	210	-0.08386400823322475	1.1239112790461023	1.7611178813355448	0.8488929441665348	0.5571726412614219	-0.729131092207908	-0.47511130903170984	0.4973950383454364		0.8014426872330586	-1.115465303617367	0.6996650826445833	0.9705605811368481	-0.17852588032441463	1.066832839671754	1.6943282711501617	1.1013999734857782	0.654193763809248	-0.6529098514382796	0.9422351947310339
infectx_published	listeria	a	u	1	kb2-02-1x	a01	chka	s3008	sirna	6	207	-0.3139318004763634	0.7065105494420999	-0.09132143179501892	0.8430334846976404	-0.10541905301243253	-0.5589732150287059	-0.5982008050219313	-0.067504794475437		0.844086369111337	0.1633419379778725	0.5387766778305049	0.8969761636813277	-0.28429264319800757	-1.2914907852655608	0.5097637629632483	0.9910933672006239	1.060553459088714	0.7454400269825561	0.9055755660934524
infectx_published	listeria	a	u	1	kb2-02-1x	a01	chka	s3008	sirna	2	243	-0.329908730493248	-1.9915983487142201	1.6817214535453915	0.5630540539879734	-0.8295672481563717	0.35095318664612446	-0.5286273965156335	0.21494512193499973		1.1669159903559252	-0.34705212635520677	1.3786193060603544	1.3262185988385295	-0.3181665947565739	1.4663266867704938	1.6943282711501617	1.4690886611029594	0.42366029528897836	-1.1826518615336943	1.3454911097444304
infectx_published	listeria	a	u	1	kb2-02-1x	a01	chka	s3008	sirna	9	209	0.20252246231943216	-1.0067589561200332	-0.231773985119331	0.34847581318903353	-0.1009027596975679	0.9667506591731571	-0.15989997371308576	-0.5617921481937013		1.0811675393781957	0.7346180674569913	-0.020746180802772015	0.8601839549535676	-1.0216265530994009	-0.8970011230007888	-0.6748007452236651	1.0768873943112995	1.1988462911236428	-0.6359410723796464	0.9300153185185067
infectx_published	listeria	a	u	1	kb2-02-1x	a01	chka	s3008	sirna	5	121	2.39216072113347	-2.403218631935668	-0.7861243902373974	-0.8905982118572005	0.9942822589828526	3.3589716438225024	1.8014404015065815	-0.6324046272963104		-0.12877758360207645	0.5318861709115899	-0.7786973153981529	-0.15773381984779672	-0.3199702314292221	1.5109993573048666	2.2866105252436184	0.08412793774491013	1.6184490375023637	0.6612736965232956	-0.1453337881838842
infectx_published	listeria	a	u	1	kb2-02-1x	a01	chka	s3008	sirna	2	212	-1.159510821619982	-0.16268438085846948	0.7271070824879746	0.7430173821489604	-1.2827614112846077	-1.0449416413507733	-1.1396961942132937	0.35617008014021806		0.7814650353204723	-0.9660301080192716	-0.18717423648910683	0.8479198853776475	-0.663548777376635	0.08005041543044797	-0.6748007452236651	0.9420682088516664	0.12073206236239818	-0.8764546766632476	0.9666749471560883
infectx_published	listeria	a	u	1	kb2-02-1x	a01	chka	s3008	sirna	9	21	0.004408530110062807	1.2879135236837362	-1.2460873932045498	0.15298319067161892	1.0850650454349333	-0.7991281310034071	-0.19187324522394272	-0.13811727357804618		-1.5364020086686971	1.3673767175691869	1.3009561873958273	-1.3350844991361217	0.8185276570427051	-0.2596035428633261	-0.08251849113020833	-1.5827274461196448	-0.8846796920675037	0.08785765666472674	-1.367321409436601
infectx_published	listeria	a	u	1	kb2-02-1x	a01	chka	s3008	sirna	3	178	-1.251777592467491	0.4206358233767318	-1.033473860303103	0.6502264643100453	-1.265934491145042	-1.386367803718454	-1.2008289506249674	-0.7030171063989196		0.3483315234558386	-0.9073269070797059	-0.49597668262065725	0.45546965894820585	-0.5974677639907024	-0.6451648577939075	-0.6748007452236651	0.6111483899962032	0.6519915789055943	-0.6006059630182758	0.5511991559301644
infectx_published	listeria	a	u	1	kb2-02-1x	a02	grk5	s6088	sirna	10	17	1.0588859112244482	-1.8647245138310526	-0.9086348963346345	-0.8752437763785789	0.3340586126532831	2.0727581671087436	1.076305493117596	-0.7030171063989196		-1.5294531959012416	-1.2967550228029763	-0.2786018158963213	-1.617158099382283	-1.3654138191790601	0.2941859292721488	-0.08251849113020833	-1.3743705231365755	-0.009655459001044298	-1.3114372085338264	-1.4162009142867098
infectx_published	listeria	a	u	1	kb2-02-1x	a02	grk5	s6088	sirna	10	259	-0.6837977303672425	1.075081686403345	-0.4559880211573751	-1.4707311434160593	0.07135559363501748	-0.9805001736598521	0.37538563985264856	1.1329073502689189		1.3110228141252698	-1.53682381257752	0.15796664236456284	1.4979155729014102	-0.8544075669677622	-0.4074121104113267	0.5097637629632483	1.65293300491155	0.8442172619572211	-0.6200849191118536	1.541009129144865
infectx_published	listeria	a	u	1	kb2-02-1x	a02	grk5	s6088	sirna	10	166	-0.8567479978000185	-0.0011514890115519915	-0.0849795662646155	-0.6469415946299906	-0.8924817632957254	-0.6888591732819497	-0.44605161509121805	-0.6324046272963104		0.3390630714334504	-0.40679399625278023	0.4244842403496127	0.35735710234084545	-0.9587782738029343	0.28547356421292464	-0.08251849113020833	0.5253543628855276	0.7707447050321764	0.5384087050557802	0.40456064137983844
infectx_published	listeria	a	u	1	kb2-02-1x	a02	grk5	s6088	sirna	18	48	1.7446956321992206	0.4663243959763971	0.018072373509494758	-0.5406029840682756	1.306810237983234	1.1386150668856396	1.127008147865026	-0.6324046272963104		-0.9104190833889324	-0.6100989411863234	0.4864969895396163	-0.93037020313076	1.50011293904321	0.8811872309050581	0.5097637629632483	-1.2027824689152242	-1.7822588095530465	0.544108874150246	-1.0373847516983676
infectx_published	listeria	a	u	1	kb2-02-1x	a02	grk5	s6088	sirna	11	167	0.9578318288676528	0.155603733051967	-0.3393549104578104	-0.13324471585372	0.6801637174487102	0.9240176058374093	0.4539823451894549	0.709232475653264		0.6310386218912329	0.7305264079387692	1.048628853293702	0.29603675446124517	-1.1457454020036968	0.8886525440847208	-0.08251849113020833	0.4763292045365701	0.6405799960287557	-1.1241703583714524	0.41678051759236556
infectx_published	listeria	a	u	1	kb2-02-1x	a02	grk5	s6088	sirna	11	145	0.28560249840723223	-2.8769028173997	-0.4514654642405093	0.05561617035301786	-0.4706674218235946	1.174389895662842	0.00724103872275839	-0.4205671899884829		0.32072766849549794	0.041602414056789	-1.139922421552532	0.23471640658164494	0.7984678915540767	1.3438838871710308	1.102046017056705	0.0963842273321495	-0.8002843841826573	1.1561108627299543	0.14794324091676786
infectx_published	listeria	a	u	1	kb2-02-1x	a02	grk5	s6088	sirna	13	143	-0.8415699142839781	-2.0211607453007057	-0.5444970636231969	0.036952317242021665	-1.1795338078148625	-0.17731065184019607	-0.7093534266112784	-0.067504794475437		0.16629338910560287	-0.06577919194764535	-0.8197327627849703	0.050755362942844155	-0.7253592408941534	-0.616030528671982	-0.6748007452236651	0.18217825444282512	0.4432072173563474	-0.878328013582014	0.12350348849171351
infectx_published	listeria	a	u	1	kb2-02-1x	a02	grk5	s6088	sirna	13	81	0.49010720262335544	0.5801101680763047	0.4722733753804145	-0.7566757621517297	0.6415970254104173	0.31200457663554065	0.6242782736150585	2.050869578602838		-0.8023204022950156	-1.2951297769551267	1.3078272509632516	-0.697352881188279	-0.42702550226063757	-1.3465734774949811	-0.08251849113020833	-0.6267368583149736	0.11534001226511095	1.2589041026497276	-0.634128836684971
infectx_published	listeria	a	u	1	kb2-02-1x	a02	grk5	s6088	sirna	11	46	0.46534296109718426	0.4919118370450718	0.332684190076033	0.6203510013260386	0.41579823115052944	0.21856829108617246	-0.1285095238748867	0.14433264283239053		-1.1409411756087204	-1.2415961146430423	-0.5491162149332871	-1.175651594649161	-0.851256370119825	-1.167183077578265	1.102046017056705	-0.9576566771704368	1.064145095576698	-0.8223991828115885	-1.061824504123422
infectx_published	listeria	a	u	1	kb2-02-1x	a02	grk5	s6088	sirna	10	139	-1.5777069648119373	0.482567651596181	0.34033171488961345	0.2192435906674197	-1.8235614443244006	-1.9822791897466998	-1.4708233030894253	-0.7030171063989196		-0.06475741896194859	1.6251886768511474	1.4292763293456177	0.02622722379100405	-0.4447721605627033	0.12468724240564201	-2.451647507504035	0.16992196485558575	1.0028222519777847	-0.3956479127536537	0.07462398364160483
infectx_published	listeria	a	u	1	kb2-02-1x	a03	chuk	s3077	sirna	22	3	-0.3271127677402932	0.5459311375320192	0.4141365008718305	1.241054368218296	-0.17241891379771346	-0.42297752019980095	-0.7022196114648867	-0.067504794475437		-1.642113814859325	-0.888400006043341	1.5358065555565912	-1.6048940298063628	-0.07247805993665943	-1.2363635340714891	-0.6748007452236651	-1.5827274461196448	-0.0020188829198404257	1.1438921200652394	-1.58727918126209
infectx_published	listeria	a	u	1	kb2-02-1x	a03	chuk	s3077	sirna	24	145	0.7037986415991873	-0.6120708496077256	-0.04864418041266986	0.7359432389809488	0.2003818613650205	1.097436917106031	-0.05951893704124747	-0.067504794475437		0.7066590225169409	1.3580875121674387	-0.41772666596198643	0.07528350209468426	-0.5401702663395951	1.30320474732656	1.102046017056705	-0.08746011647644111	-1.3367776979518715	-0.7769700985556083	0.14794324091676786
infectx_published	listeria	a	u	1	kb2-02-1x	a03	chuk	s3077	sirna	20	47	-0.3454862372597105	0.441728228955783	0.19640897503011218	-0.23613199721124833	-0.20547851760873065	-0.33789795849061094	-0.24271709356269225	-0.7030171063989196		-1.2099502516217295	-0.9919334155694634	0.1382471622016255	-1.1265953163454807	-1.1690184356724918	-0.16134724088823385	-0.08251849113020833	-0.9699129667576761	0.3596086308169308	1.002866561392789	-1.0496046279108948
infectx_published	listeria	a	u	1	kb2-02-1x	a03	chuk	s3077	sirna	25	64	0.4821187376149131	0.8435857157723493	1.848154119542861	0.23773794379456248	0.7567415830604591	-0.019175755859991747	0.02960801479367505	0.07372016372978137		-0.9561551185916726	-1.5143108329391746	1.5790250219046538	-0.9794264814344402	-1.5559051633748884	-0.04140079740401607	0.5097637629632483	-0.7615560437746067	1.4512917866524448	0.04369819031824563	-0.8418667322979329
infectx_published	listeria	a	u	1	kb2-02-1x	a03	chuk	s3077	sirna	22	211	1.107216124525524	0.4224051633351004	-0.5337181422546085	-0.6495351030981468	0.9193310285295851	0.8187739402036184	0.8942726260795166	-0.7030171063989196		0.7757176130079997	-1.3152312321400412	1.076485822597798	1.0809372073201284	1.321775499457017	-0.9127361185719761	1.102046017056705	0.8562741817409908	-1.50920094948159	0.3375869431622232	0.9544550709435611
infectx_published	listeria	a	u	1	kb2-02-1x	a03	chuk	s3077	sirna	19	224	-0.2564148524155787	-1.137291220775769	2.4723955471173626	1.3198202543886395	-0.6526858265157909	0.27143708894771457	-0.6826660681362618	0.2855576010376089		1.5101630927976286	1.6018414312004405	0.9738969295633736	1.3384826684144495	1.2399425132479938	-0.5985975879871526	-1.2670829993171218	1.027862235962342	-1.2785832924437885	-0.006240137151094317	1.1133134617064142
infectx_published	listeria	a	u	1	kb2-02-1x	a03	chuk	s3077	sirna	21	72	0.2868007681584986	-0.901815364950392	-0.529153799096608	-1.0981884488224387	-0.029540034540380126	0.9982624849425061	0.8083005902343533	-0.4205671899884829		-0.9480967211256992	-0.8124629424679665	0.9950325803379038	-0.9181061335548399	-1.4804321663010063	0.6827772538408818	-0.08251849113020833	-0.5899679895532555	1.4426840942386518	0.03364978173462936	-0.7441077225977155
infectx_published	listeria	a	u	1	kb2-02-1x	a03	chuk	s3077	sirna	27	252	-0.8048229752451435	0.7112339928728285	-0.7558245446346901	-0.7993953143201653	-0.37870818663511713	-0.81132724874786	-0.31544541806454696	-0.7030171063989196		1.2791925258864525	1.4041846488210654	0.3802552696533605	1.3507467379903697	-0.82702439770844	-0.6594055302953763	-0.6748007452236651	1.616164136149832	0.9514945419054013	-0.22446800769129663	1.455469995657175
infectx_published	listeria	a	u	1	kb2-02-1x	a03	chuk	s3077	sirna	26	14	-1.1335483103425446	1.3268529701675498	-1.1700377218225857	0.3852247583514097	-0.43339645865504506	-1.7928632317936466	-1.0427113234938168	-0.49117966909109206		-1.6457400488077898	1.0185940017957502	0.12391209599758549	-1.433197055743482	0.788535887274625	-0.05361220625065627	-0.6748007452236651	-1.5949837357068843	-0.31870968099644276	0.6351889997375678	-1.4528605429242913
infectx_published	listeria	a	u	1	kb2-02-1x	a03	chuk	s3077	sirna	25	19	-0.747705450434781	-1.3770287744662024	-0.5307635336461877	1.2067748829409828	-1.0839059861185538	-0.24034157317094854	-0.9367030674696463	0.42678255924282726		-1.504886210355126	-0.7395270560374837	-0.04924881115206618	-1.4822533340471624	-0.8582786223656409	0.5879491184932678	-0.08251849113020833	-1.3866268127238148	-0.2020288848210881	-0.9032133232278811	-1.3917611618616554
infectx_published	listeria	a	u	1	kb2-02-1x	a04	grk6	s6091	sirna	32	266	1.075661687742177	-0.03944761384363544	-1.3995926822217517	-1.5185621917366112	0.9193719108418044	1.4271819859647346	2.0070058879666917	0.4973950383454364		0.8412884080013815	-1.2134818845876045	0.29391993660599763	1.5714999903569307	-0.2608302919664666	-1.53521643116019	-0.08251849113020833	1.750983321609465	1.323299679892231	0.6869770417613882	1.6265482626325554
infectx_published	listeria	a	u	1	kb2-02-1x	a04	grk6	s6091	sirna	29	221	-0.15216538405540653	-0.026250892961319012	0.5765422590460558	1.0642297668390266	-0.3000325773431599	0.009483820970013365	-0.5682171600232649	1.0622948711663098		1.4473627134651237	-0.5794800125468893	-0.9372489288737519	1.0564090681682885	-0.5483362778845178	1.2890679273935712	1.102046017056705	1.1626814214219752	1.011450479927029	0.8846444088345964	1.0766538330688327
infectx_published	listeria	a	u	1	kb2-02-1x	a04	grk6	s6091	sirna	36	223	-0.9234516806205119	-0.12803210219741737	-0.47443375330362814	-1.5755828580830271	-0.8200156965985401	-0.5186952725716473	0.2198401955011867	-0.7030171063989196		1.2506700893644833	-0.020992194547980878	-0.029314232700002912	1.0932012768960486	0.032295862481217096	1.0074820731661678	-0.08251849113020833	0.929811919264427	-1.2536767032402278	-0.47435923395510315	1.101093585493887
infectx_published	listeria	a	u	1	kb2-02-1x	a04	grk6	s6091	sirna	30	247	1.3963985578311358	0.3835351430073115	0.4560873145361093	0.4551182931544382	1.2816483758624166	1.2460812102101855	0.3511290051608413	-0.7030171063989196		1.5708846873500704	-1.0185704131037059	1.5429924864367377	1.3875389467181298	-0.1201001939885425	-1.2944588384162565	0.5097637629632483	1.4813449506901988	0.07166625898330077	1.5723254979427859	1.3943706145945391
infectx_published	listeria	a	u	1	kb2-02-1x	a04	grk6	s6091	sirna	32	214	0.471334309853516	-0.8317183635170509	0.9591402883660245	0.7963566836026225	-0.13996076099236568	0.8039668383587135	-0.18590471955511878	-0.6324046272963104		0.32706821664381724	0.7606147991990754	0.9844252134686328	1.203577903079329	1.2863600464834424	-0.48753791752298997	1.6943282711501617	0.7459675754558364	-1.287689869134472	-0.10564856852515006	0.9911146995811425
infectx_published	listeria	a	u	1	kb2-02-1x	a04	grk6	s6091	sirna	35	5	-0.37863836704474607	1.011295892259258	0.3622412049019818	0.7364005316666564	0.2737588822472412	-0.7131919806913435	-0.6065414892194574	-0.7030171063989196		-1.6594013203577105	1.5720979292399415	-1.2534037096051258	-1.3596126382879619	1.3796019968689242	0.16369985919514474	-1.8593652534105785	-1.3498579439620968	0.7564227484778419	-1.1753047391985199	-1.562839428837036
infectx_published	listeria	a	u	1	kb2-02-1x	a04	grk6	s6091	sirna	34	381	-1.4910321194703382	-2.0231311746301284	-0.07452014892291171	-1.7524265133178185	-1.7307514962678991	-1.0239165869589526	-0.49243388742874994	0.709232475653264		1.6590292948550995	1.0655237540505558	-0.8610517738037565	3.0063961307395766	-0.026072938328996532	0.9059849164276227	-1.8593652534105785	2.7437427781758545	-1.1537793635162925	0.2093603990181433	3.03183402707318
infectx_published	listeria	a	u	1	kb2-02-1x	a04	grk6	s6091	sirna	34	3	-1.0165172979688648	-0.46042276345575406	0.0752770934396502	-0.04416116349497575	-1.2199964773193002	-0.8152354861592257	-0.8269572507198318	0.07372016372978137		-1.6496251203569958	-0.9632041262434567	-0.714678934707984	-1.3596126382879619	0.6276777347844371	0.2814163461546942	0.5097637629632483	-1.5827274461196448	-0.29187679032472574	0.8815570769967421	-1.58727918126209
infectx_published	listeria	a	u	1	kb2-02-1x	a04	grk6	s6091	sirna	36	7	-0.5388070904640144	0.3589028250941048	1.2434384377150707	1.2668199528960244	-0.5409780286126483	-0.5954550825096436	-0.8243849794659578	1.6271947039871832		-1.6465280747561848	0.9491496194717505	-2.076664180832045	-1.6048940298063628	-0.3631898665307836	1.0133446838022087	-0.6748007452236651	-1.5337022877706874	0.12461957930221387	1.4051225052238814	-1.5383996764119816
infectx_published	listeria	a	u	1	kb2-02-1x	a04	grk6	s6091	sirna	31	187	-0.9566038104055474	-0.42038400103353313	0.06988345412800656	-0.3739985963151323	-1.0831984815949445	-0.6637885863665046	-0.658409433444455	1.3447447875767464		0.356633638453704	1.6136370856079354	1.3124913144229369	0.7743354679221272	0.9922108445882765	0.23047273354910586	-0.08251849113020833	0.5253543628855276	-1.0255004054777406	-0.009793270603630772	0.661178041842909
infectx_published	listeria	a	u	1	kb2-02-1x	a05	ckb	s223236	sirna	45	126	-0.640660019321654	0.7517008147822907	-0.3925295082409687	0.7965583369701671	-0.2802443347349972	-0.7735912391867067	-0.7805749783822999	-0.7030171063989196		0.09272497632963864	0.03813891719651726	1.3024320363542623	-0.13320568069595662	0.0026739734084299973	-1.2314642669613132	0.5097637629632483	-0.12422898523815924	0.1896258410287837	1.1078860119914935	-0.08423440712124837
infectx_published	listeria	a	u	1	kb2-02-1x	a05	ckb	s223236	sirna	37	5	-1.1611085146216706	1.0270835644073602	-0.9369765744471077	-1.4623462533356992	-0.3317627844845489	-1.1999499058645715	-0.22748393263816805	-0.7030171063989196		-1.6693899217598478	1.5278246648683997	-1.2105197897831288	-1.5067814731990024	0.7981428404556834	-0.31788573745011894	-1.8593652534105785	-1.619496314881363	0.05717343923025271	-0.9848660829234632	-1.562839428837036
infectx_published	listeria	a	u	1	kb2-02-1x	a05	ckb	s223236	sirna	41	22	-0.7053665858900366	0.17130636843258704	0.07763319451888007	0.6780975007222542	-0.7207019735288599	-0.6245516773806645	-0.7933360128810243	-0.7030171063989196		-1.341726809605124	-1.40837870227269	-1.1042195814563893	-1.3841407774398018	-0.9974661105090713	-0.508872829990986	-0.6748007452236651	-1.3008327856131392	0.05086706414755057	-1.1994088278041741	-1.355101533224074
infectx_published	listeria	a	u	1	kb2-02-1x	a05	ckb	s223236	sirna	41	50	1.490263021680333	-0.10001063762130419	-0.08405576893010054	0.9690962163895686	1.016181231443232	1.611114239845956	0.17966778725767013	-0.20872975268065536		-0.9293460402772641	1.3507464112236105	0.6264943149478709	-1.0039546205862804	0.024029919259944885	-1.234132124056252	0.5097637629632483	-1.1169884418045486	-0.9999064502462852	1.1489833735066268	-1.0129449992733133
infectx_published	listeria	a	u	1	kb2-02-1x	a05	ckb	s223236	sirna	41	21	-0.527223816201773	1.3071425148137903	-2.6027226808715063	-2.2264936419506536	1.2081982478121653	-0.7839423771132853	2.729127250888214	0.7798449547558731		-1.4136154165018235	0.023939040202447227	0.31537008856341747	-1.163387525073241	1.6723727929409788	0.9392582142198184	-1.2670829993171218	-1.558214866945166	-1.548290557263385	0.7278027576197418	-1.367321409436601
infectx_published	listeria	a	u	1	kb2-02-1x	a05	ckb	s223236	sirna	43	150	-0.5951257687735327	-1.2458868742233824	1.055361142174401	1.3570181561757653	-0.9449859577889674	-0.09251751973116118	-0.8747463278910984	-0.7030171063989196		-0.12064044201969641	-0.6617332116591707	0.6546255117051828	0.30830082403716524	0.747402271185803	1.0118017186771293	1.102046017056705	0.010590200221473884	-1.1525834916692823	-0.2675055477775561	0.2090426219794037
infectx_published	listeria	a	u	1	kb2-02-1x	a05	ckb	s223236	sirna	39	130	0.6446840005367142	-0.08290510092615373	0.27844757892915784	0.17925787072098948	0.29993005653951776	0.7560950842663219	0.13702307565157987	0.9210699129610915		0.22885993136068472	0.3170157311422911	0.8197811007355388	-0.13320568069595662	-1.1933897518906964	0.7119932891945392	1.102046017056705	0.145409385681107	1.3590145667573899	0.06822582150019738	-0.03535490227113969
infectx_published	listeria	a	u	1	kb2-02-1x	a05	ckb	s223236	sirna	45	119	-0.32231968873522776	0.017641637311747317	2.3916902457202807	1.3023307939943722	-0.45281219123434185	-0.20177660020040428	-0.713232357876611	-0.7030171063989196		0.0700513114853716	1.262602586760592	1.2570376905022993	-0.2803745156069972	-1.2947248750129403	0.5125842415444999	-0.08251849113020833	-0.07520382688920174	1.169722952234172	-0.14112741326345812	-0.16977354060893857
infectx_published	listeria	a	u	1	kb2-02-1x	a05	ckb	s223236	sirna	43	259	-0.1717371233260902	0.13841398119865153	0.6208279592398555	0.834787925986567	-0.29786533371011176	-0.13269950100384628	-0.5178558115981247	-0.3499547108858737		0.9995098901835527	-0.04167965147404843	0.131180587991169	1.5960281295087706	1.226878482453028	-0.2365836446643392	0.5097637629632483	1.45683237151572	-0.4071210683287433	1.1372611477570622	1.541009129144865
infectx_published	listeria	a	u	1	kb2-02-1x	a05	ckb	s223236	sirna	44	6	-1.2094387279227465	-1.0949844003344944	1.2251887794687015	1.9776484832618824	-1.5565954820943046	-1.0083540503987154	-1.3616601310754959	-0.7030171063989196		-1.5676375617602636	0.3910425000519635	0.30323817813986986	-1.4699892644712422	0.9784521215796702	0.0395833966771251	-1.2670829993171218	-1.5827274461196448	-0.5422835595061248	-0.7499326499989725	-1.5506195526245088
infectx_published	listeria	a	u	1	kb2-02-1x	a06	mknk2	s6094	sirna	54	204	0.8380048537410182	-0.11727310207479885	0.1964109036265212	0.13084558037608662	0.4543678090076255	0.9713119311459133	0.2543855613349423	-0.7030171063989196		1.46482294889015	0.4677721688688267	0.3346835363571136	0.9950887202886881	0.8795952069452905	-0.9994453796606491	1.6943282711501617	0.9420682088516664	0.19504176548053317	1.3979922862641585	0.8689159374558708
infectx_published	listeria	a	u	1	kb2-02-1x	a06	mknk2	s6094	sirna	54	22	1.3153156379954463	-1.4211336912677042	0.429849412899567	-0.7167595094110326	0.4124172637376418	1.944740959464265	1.0662166977640457	-0.7030171063989196		-1.412469173122901	-0.3777294701189362	0.5936496278753671	-1.4699892644712422	-1.5520455932862929	0.7710160768619231	1.102046017056705	-1.2763202064386605	0.6555639005008564	-1.611712045902377	-1.355101533224074
infectx_published	listeria	a	u	1	kb2-02-1x	a06	mknk2	s6094	sirna	52	14	0.08549144994575228	-0.09959408068515666	0.4357097723694895	0.25405737798815115	-0.08237561625013315	0.32523226536687777	-0.18648736429680157	-0.7030171063989196		-1.5407294544865668	1.5282519755194606	0.942925702928382	-1.3718767078638818	0.46887224324243376	1.031084122709399	-0.08251849113020833	-1.4724208398344905	-0.010759488627236207	-1.1261449168650428	-1.4528605429242913
infectx_published	listeria	a	u	1	kb2-02-1x	a06	mknk2	s6094	sirna	53	192	0.796065412446696	-1.967754572252495	-0.0668115519041101	-0.6036815876152036	-0.04298718969523684	1.5464110598260956	0.6841457726578642	-0.6324046272963104		0.7094017429837832	-0.414660033129771	-0.7079398591119024	0.8847120941054076	0.95928348084344	1.5922504114335063	0.5097637629632483	0.5988921004089639	-1.2372696717756546	0.9695823693654291	0.7222774229055449
infectx_published	listeria	a	u	1	kb2-02-1x	a06	mknk2	s6094	sirna	49	128	-0.5296203557043058	-0.609619983064517	0.6327923240991605	0.6183261315496754	-0.7202229289943904	-0.09685965955837506	-0.6652019422743554	-0.7030171063989196		0.4225098288770295	-1.233827703048153	0.5077922707135087	-0.03509312408859621	0.23348020759719196	1.2542111886023548	1.102046017056705	0.03510277939595263	0.5561637217908315	-0.8976252577664314	-0.05979465469619403
infectx_published	listeria	a	u	1	kb2-02-1x	a06	mknk2	s6094	sirna	51	65	0.8983177645547576	-1.584702535933422	1.4634204919277922	0.677230351534043	-0.005197021117362062	1.4245561389575465	0.04765478539146665	-0.20872975268065536		-0.5268448880984171	-0.4868867359199151	-1.3125421962868193	-0.697352881188279	1.3431333580701224	-0.7669132653907065	-0.08251849113020833	-0.8473500708852824	0.027009057277142593	-1.7540884551953004	-0.8296468560854057
infectx_published	listeria	a	u	1	kb2-02-1x	a06	mknk2	s6094	sirna	52	76	1.1223942080415645	0.891905909405749	0.3564946325878029	-1.2016693770612954	1.3840427015655605	0.40699535031891454	1.503693545911815	0.4973950383454364		-0.7633542652919492	0.10249758259676665	1.5384880534004097	-0.5256559071253982	1.4335849698409069	-0.46954506059826057	1.102046017056705	-0.835093781298043	-1.2647488035547498	0.35953254806377927	-0.6952282177476068
infectx_published	listeria	a	u	1	kb2-02-1x	a06	mknk2	s6094	sirna	54	91	1.1144057430331222	-2.233834217004726	1.2436197257127535	1.9091597738219699	-0.004243982239208622	1.715374614879292	-0.237672695888816	-0.7030171063989196		-0.31383898304890767	-1.1113980504188499	0.014196035069284896	-0.3662230026384376	1.1897142224834234	-0.8159582178238224	1.6943282711501617	-0.638993147902213	-1.305442193599636	-0.8143111952684369	-0.5119300745596993
infectx_published	listeria	a	u	1	kb2-02-1x	a06	mknk2	s6094	sirna	54	33	1.8992724301125794	-1.641762619885734	0.5760016093875467	-1.2712641036412151	0.6751989210897775	2.4626962401801786	2.0870095750798043	-0.7030171063989196		-1.2720426450111655	-0.01708218206688075	-0.10427699811028794	-1.175651594649161	0.4745258015043076	1.9137348247458694	0.5097637629632483	-1.4356519710727724	-1.6820255773923558	-0.1439613776106168	-1.2206828948862751
infectx_published	listeria	a	u	1	kb2-02-1x	a06	mknk2	s6094	sirna	54	183	1.8984735836117352	-3.305988503064935	0.894453259990423	-1.2765067935772403	0.49701912525448166	2.880366265350159	2.095450050231858	-0.6324046272963104		1.1170940187174954	1.3621069529862737	-1.5790497258358513	0.6271666330110865	0.5156750409897523	1.865726001400428	1.6943282711501617	0.4885854941238095	-0.9916627250727049	1.5839870792779631	0.6122985369928003
infectx_published	listeria	a	u	1	kb2-02-1x	a07	ckm	s3095	sirna	63	64	-0.46411494263507885	-0.6720657291617902	0.4167998915304306	1.0223771653898819	-0.7396966182670718	-0.08699995922095537	-0.7279828419507528	-0.7030171063989196		-1.0109226997967742	-1.3854661691717727	0.7710447679882954	-0.7218810203401191	0.7598423795305126	1.02184151040118	-0.08251849113020833	-0.9944255459321548	-1.0867347883076908	-0.3467227001948086	-0.8418667322979329
infectx_published	listeria	a	u	1	kb2-02-1x	a07	ckm	s3095	sirna	58	20	-0.16534635131933634	0.9441410809321867	-0.7101544341556748	-1.3304432152748484	0.47351011107010066	-0.43485074378586963	0.7141294176565299	-0.20872975268065536		-1.4092350130183924	-1.4268811934128485	1.3615923074442466	-1.2982922904083616	0.9103913705067802	-0.5369212340516214	1.102046017056705	-1.4356519710727724	-0.8684437661339476	0.6981381960215024	-1.3795412856491283
infectx_published	listeria	a	u	1	kb2-02-1x	a07	ckm	s3095	sirna	62	119	0.04395143190185225	-0.31242838280038665	0.5814736782505162	0.96778110296783	-0.23742564149871745	0.3141032602455398	-0.4429966669927596	-0.6324046272963104		-0.05837240882983585	0.010479955027987093	-0.12389414638879206	-0.2681104460310772	-0.964897240375822	0.5826873881684161	-0.08251849113020833	-0.1977667227615955	-0.22973986710587446	-1.0600931169755567	-0.16977354060893857
infectx_published	listeria	a	u	1	kb2-02-1x	a07	ckm	s3095	sirna	62	133	0.22528958759349277	0.4961903779458969	0.7347153925258934	-0.9890255994394689	0.2969802773209184	0.09594817322643333	0.653679096941066	0.14433264283239053		0.10890629353140675	-0.42301589684176594	-2.5586614921940125	0.038491293366924105	0.13458745415806525	0.8108920901757294	0.5097637629632483	0.04735906898319201	0.01406075573904742	1.1045994831754342	0.0013047263664418187
infectx_published	listeria	a	u	1	kb2-02-1x	a07	ckm	s3095	sirna	56	138	-0.5240284301983962	-0.31871453094004015	-1.0931057179181052	-1.4075952790447952	-0.515133431846232	-0.02185145283719015	0.4683915229471056	-0.27934223178326456		-0.3073041195723664	1.4360222930420292	-0.7866381955547712	0.14886791955020456	0.7261419532363647	0.5855734244182441	0.5097637629632483	0.12089680650662826	0.7438870245209392	-0.7627379908760115	0.06240410742907767
infectx_published	listeria	a	u	1	kb2-02-1x	a07	ckm	s3095	sirna	61	243	-1.3744005303470803	-0.49941807950397754	1.5212153621324398	1.572453820759575	-1.7149005812674463	-1.4249458623038118	-1.4448186457099812	-0.7030171063989196		1.5314796941103697	-1.226169770057815	1.3918008961722677	1.2894263901107694	-0.8115335889592938	0.09356520175030991	-0.08251849113020833	1.4445760819284807	0.8278809560266206	-0.21297546712328191	1.3454911097444304
infectx_published	listeria	a	u	1	kb2-02-1x	a07	ckm	s3095	sirna	55	276	0.8951223785513807	1.0144282853804136	-0.7001823086528925	-0.4846445705235208	1.3164252773656189	0.07617269133669484	0.6497001977844333	0.709232475653264		1.220209888877689	-0.1473243077000468	0.8684577551599342	1.8535735906030917	1.1279176933454798	0.6891124380440474	1.102046017056705	1.5671389778008744	-1.3982162872981052	0.0012970912066587032	1.748747024757827
infectx_published	listeria	a	u	1	kb2-02-1x	a07	ckm	s3095	sirna	62	172	0.09427876145503883	1.107607224185339	-0.9897866676384932	-1.3426952453959127	0.8980909827837478	-0.4508750156637838	0.9520091280762398	0.35617008014021806		0.5990465040078636	-0.21293359694294936	0.8489868737218751	0.4432055893722858	-0.9134192467919863	-0.346005728771674	0.5097637629632483	0.5988921004089639	0.9753946026444462	1.2723450294427157	0.4778798986550014
infectx_published	listeria	a	u	1	kb2-02-1x	a07	ckm	s3095	sirna	61	68	-1.2525764389683351	-2.4801228884835056	2.0952670152056743	3.1503997863073976	-1.7684605014102068	-0.9992342066562367	-1.5042032909714285	-0.7030171063989196		-1.0712983292202642	1.545826726425991	-0.00792101315167488	-0.7341450899160391	0.7586944399153195	0.699237885947289	-1.2670829993171218	-0.7860686229490855	0.23705454575052118	-0.8775110108637508	-0.7929872274478242
infectx_published	listeria	a	u	1	kb2-02-1x	a07	ckm	s3095	sirna	57	181	-0.39821010631542975	1.492926086112939	-1.933076967606933	-0.7331057381010203	1.3031471826254835	-1.413210764668825	-0.010905699772130985	-0.7030171063989196		1.1049425739219731	1.332396059477886	-0.702840839429336	0.5535822155555663	-0.6488781124926929	-0.8707858055374662	-0.6748007452236651	0.537610652472767	-1.197384563291158	0.7719067393082578	0.587858784567746
infectx_published	listeria	a	u	1	kb2-02-1x	a08	gsk3a	s6237	sirna	65	269	-0.931040722378532	-0.09342994182178332	-0.016343416758815656	-0.16438249718230932	-0.994231831821742	-0.7455979902466946	-0.714156485865761	1.4859697457819647		1.2849911468368214	-0.44903313389519856	0.25323889799231303	1.7186688252679712	0.7345264812057688	0.4609073366046555	-0.08251849113020833	1.45683237151572	-1.0345088998534706	0.4831127673522977	1.663207891270137
infectx_published	listeria	a	u	1	kb2-02-1x	a08	gsk3a	s6237	sirna	67	201	0.6315030332727843	-0.04014516184803629	-0.5913381531198648	0.48170259845927094	0.5225070839544741	0.9701512577499376	0.0020966731517847084	-0.20872975268065536		0.1300468433554632	1.3161860619685406	0.7434832613557579	0.8233917462258075	-0.5309658478597579	0.9674402507940989	1.102046017056705	1.027862235962342	1.0267061571395704	-0.4963833372217162	0.8322563088182894
infectx_published	listeria	a	u	1	kb2-02-1x	a08	gsk3a	s6237	sirna	70	189	-0.40539972482302783	0.8897483580980968	-0.8630625013710285	-0.2412747536136029	0.17602682375477527	-0.5825412408635993	-0.281724212328641	0.2855576010376089		0.1459055492032186	0.5918498982572671	0.07766413023505149	0.5045259372518861	-1.0628557674867123	0.3128420446189192	0.5097637629632483	0.6969424171068789	0.19097230082248742	-1.0867472957900557	0.6856177942679633
infectx_published	listeria	a	u	1	kb2-02-1x	a08	gsk3a	s6237	sirna	65	122	-0.3199231492326951	1.0063806025881212	-0.6001955503084079	0.5779571511149003	0.1648173741012408	-0.7877743856166709	-0.5272205916818988	0.4973950383454364		-0.35623834857734465	-0.22404127322555342	1.1233783510160338	-0.219054167727397	-0.8189519154172303	-0.5163578041473285	1.102046017056705	-0.03843495812748362	0.9247314971831583	0.21420025849558053	-0.13311391197135705
infectx_published	listeria	a	u	1	kb2-02-1x	a08	gsk3a	s6237	sirna	69	6	0.0783018314381542	0.258872880370078	1.7558065287680438	0.9126261272573255	0.061060224447632656	0.13627513482012363	-0.4103407828431214	-0.7030171063989196		-1.646130775319208	0.9136932381958351	0.9592314357326941	-1.5681018210786026	-0.05634564157384195	-1.6198110054194872	-0.6748007452236651	-1.4356519710727724	0.9013087081443083	1.7950443934712552	-1.5506195526245088
infectx_published	listeria	a	u	1	kb2-02-1x	a08	gsk3a	s6237	sirna	68	191	0.3291396327032428	-0.736986168534452	-0.01447910758038931	-0.7977062688556029	-0.00913903816092727	0.9149029547980979	0.5549462035339517	-0.5617921481937013		1.289955319701061	-0.5240012465626294	-0.2663906394798378	0.8724480245294877	1.5328219130387364	-0.10486547925547166	-0.6748007452236651	0.6846861275196395	-0.4138588422440601	-1.2910577345424736	0.7100575466930177
infectx_published	listeria	a	u	1	kb2-02-1x	a08	gsk3a	s6237	sirna	67	130	-0.3067421819687653	0.06867931035567847	0.8653481794097633	1.457592378097255	-0.4589313117703276	-0.25091973616016017	-0.7381716052014011	-0.7030171063989196		-0.6914059453564839	0.6042249027127999	0.7919237653016112	-0.18226195899963682	-0.20914478167314954	-1.4332130597225117	1.102046017056705	0.03510277939595263	0.801777992355798	0.964953252914794	-0.03535490227113969
infectx_published	listeria	a	u	1	kb2-02-1x	a08	gsk3a	s6237	sirna	66	23	-0.24043792239869408	-1.616199005549241	0.7011764704415866	1.1662957473602649	-0.6967088646381356	0.4168540121146118	-0.6391973733690955	-0.27934223178326456		-1.4845421400571752	-1.274002056021709	-1.5498908168297882	-1.3228204295602017	0.05920689375369246	-1.260475348826907	-0.08251849113020833	-1.2027824689152242	0.9284791606623806	-0.7631133665158092	-1.342881657011547
infectx_published	listeria	a	u	1	kb2-02-1x	a08	gsk3a	s6237	sirna	64	156	1.5030445656938407	0.6120490753871868	0.6494271048865747	0.27771532768003426	1.4240804354915229	0.9993600150507583	0.48056973577317136	0.7798449547558731		0.6063074301593965	0.9095445639156271	-0.03175994617111661	0.3450930327649254	0.1574367348672403	1.1144026418168094	1.102046017056705	0.12089680650662826	-1.578265259257623	-0.3982810017030948	0.28236187925456674
infectx_published	listeria	a	u	1	kb2-02-1x	a08	gsk3a	s6237	sirna	72	279	0.6167243730071661	1.0101785008745559	0.006147866294917723	-0.4793275506767618	1.0960999035709482	-0.08230990816717554	0.49134132069647823	-0.4205671899884829		1.591925534544768	-0.539248394746416	0.46811203416342323	1.9271580080586121	0.5382301162538914	1.1190039319424685	0.5097637629632483	1.6284204257370714	-1.0963042761831492	-0.3209668259767365	1.7854066533954085
infectx_published	listeria	a	u	1	kb2-02-1x	a09	none	s3098	sirna	78	88	-1.3168835822862957	0.884203714168056	-0.4970703238923466	0.8069232408595318	-1.2349921102549093	-1.7385294680292371	-1.287042324895322	-0.5617921481937013		-0.6756042765958781	0.04981834153551401	0.48920814346794517	-0.5379199767013183	0.059397156109547045	0.7430721910906743	-1.2670829993171218	-0.6635057270766918	-0.7079737760899563	-0.5702213412311925	-0.5485897031972808
infectx_published	listeria	a	u	1	kb2-02-1x	a09	none	s3098	sirna	73	211	0.8348094677376412	-0.6228282065048208	-0.10708320159124625	0.7543250552418633	0.1940566458993735	1.097554479941898	-0.00833360545503073	0.2855576010376089		1.05176514483159	1.2852652551616226	-1.8599659126774344	0.8233917462258075	-1.749801479048549	0.4562213666921749	1.102046017056705	0.7459675754558364	-1.4513654132330522	-0.6050278777223317	0.9544550709435611
infectx_published	listeria	a	u	1	kb2-02-1x	a09	none	s3098	sirna	76	98	-0.8847076253295666	0.5888036373620583	-0.149109230483098	0.0745570983713043	-0.7465826429231499	-1.0185780709164711	-0.7551530542129252	-0.20872975268065536		-0.6179389568010588	-0.10629298281597052	1.4724471994633401	-0.3539589330625176	0.5191267982043867	-0.9280521533538633	-0.08251849113020833	-0.5041739624425798	-0.6106063282110412	0.8578465130884013	-0.4263909410720091
infectx_published	listeria	a	u	1	kb2-02-1x	a09	none	s3098	sirna	78	124	-0.003579934898379506	0.6603129886411804	-0.23715219565970616	0.6024941586630211	0.2655057048967337	-0.15754763244568287	-0.3584314359871286	0.709232475653264		-0.22677089445300952	1.1382287807019236	-0.7918891570181973	-0.14546975027187667	-0.6973244493249158	1.4937297403182312	-0.08251849113020833	-0.246791881110553	-1.3859694968956406	-0.42673042484224977	-0.1086741595463027
infectx_published	listeria	a	u	1	kb2-02-1x	a09	none	s3098	sirna	76	192	-0.9661899684156782	-0.10282917522576918	1.3029491152286226	0.6671391484271415	-1.1173104442742305	-0.8837862527865277	-0.9731379149875189	-0.6324046272963104		0.2033920479977991	0.6615407444003664	-1.5575622291562237	0.7620713983462072	-0.13839407230897463	-1.0303524366230727	-0.08251849113020833	0.7949927338047938	0.5480946563753408	-0.6817407367930384	0.7222774229055449
infectx_published	listeria	a	u	1	kb2-02-1x	a09	none	s3098	sirna	77	74	0.12343665873585327	1.202952752021064	0.7100094387458848	-1.1223321727521827	1.1218937581815318	-0.5362599084215869	0.7128225807140957	0.07372016372978137		-0.8247311875409286	-1.6242172989922972	-0.3901651593318491	-0.5869762550049985	0.19272780238087509	1.544868609066096	-0.6748007452236651	-0.9086315188214792	-1.478994612387463	-0.002132240689700865	-0.7196679701726612
infectx_published	listeria	a	u	1	kb2-02-1x	a09	none	s3098	sirna	75	70	0.0910833754516619	-0.8272151119204866	0.4910951836861061	0.8502767308850245	-0.3702806582388562	0.4921179076281909	-0.3858429866686944	0.35617008014021806		-0.7212507890179872	-0.8907947261460956	0.4182502338603094	-0.6605606724605189	0.901263337766476	-1.1540539826099068	1.102046017056705	-0.8105812021235642	0.1671082849744173	1.24307694360832	-0.7685474750227699
infectx_published	listeria	a	u	1	kb2-02-1x	a09	none	s3098	sirna	73	140	0.4182110175473746	0.2332312129556231	0.7418659825185108	-0.7411103448467228	0.30106706586994325	0.4211992675669937	0.5663004331931437	0.7798449547558731		0.0947793594389161	-1.2522539244366904	-1.4314890864500704	-0.022829054512676156	-1.0335233050494734	-0.3349767191414177	1.6943282711501617	-0.06294753730196237	-0.9662596210788514	0.7261641780290307	0.08684385985413201
infectx_published	listeria	a	u	1	kb2-02-1x	a09	none	s3098	sirna	74	111	1.207071937131053	1.021978071721336	-0.3845624794005024	-1.295186822621202	1.6559721375125913	0.3159273536201315	1.6975633194594684	-0.49117966909109206		0.1376993942409234	-0.9485158727837797	1.1092532573554512	-0.09641347196819647	1.4183952281635723	-0.8404936090369065	0.5097637629632483	-0.33258590822122863	-1.0498093818696048	1.2252347964643746	-0.2675325503091559
infectx_published	listeria	a	u	1	kb2-02-1x	a09	none	s3098	sirna	75	245	-1.1667004401275802	0.7878406207241425	1.4936473723284756	0.7506595685687041	-1.0495427174439647	-1.4883687290029388	-1.1470714362532635	-0.5617921481937013		1.5858972682033783	-0.7631109629875049	-0.41396272025371517	1.3630108075662897	0.22430484018843816	0.6882338186876386	-0.6748007452236651	1.420063502754002	0.6478564687449998	-0.3303595168391658	1.3699308621694848
infectx_published	listeria	a	u	1	kb2-02-1x	a10	gsk3b	s6240	sirna	90	10	-1.2709499084877525	-1.0358074348355875	0.8790842808522454	0.3824286041311475	-1.5856166346935956	-1.0677546478924664	-1.1651182068510553	-0.7030171063989196		-1.6500607065009583	0.5927291259303848	-0.5097367498869384	-1.5803658906545228	-0.22670668275429207	1.1533209036654861	-1.2670829993171218	-1.3253453647876179	1.034754148498988	0.18075132318938417	-1.5017400477744
infectx_published	listeria	a	u	1	kb2-02-1x	a10	gsk3b	s6240	sirna	90	259	-1.27614241074324	1.1398776516579958	-0.9120806539855788	-1.7045331429923494	-0.8710103717545544	-1.756655850696667	-0.1389398024759041	0.5680075174480457		1.1562927203484727	-1.4990796138810951	0.9734447654591265	1.42433115544589	-0.974520154756913	-0.7663239686377205	-1.2670829993171218	1.8000084799584226	1.1758299764483906	0.25818835549799546	1.541009129144865
infectx_published	listeria	a	u	1	kb2-02-1x	a10	gsk3b	s6240	sirna	90	31	0.5512189599379391	1.154092348949712	-1.020606269789927	-0.14503429287070485	1.3284581449326853	-0.26591917579594576	0.2509893069141947	2.1920945368080567		-1.3741168772029801	1.100506612709329	0.9935439170033018	-1.2615000816806015	-0.34776822297882587	-0.9411208008001374	1.6943282711501617	-1.031194414693873	0.8578331120138141	0.8944262346828998	-1.2451226473113295
infectx_published	listeria	a	u	1	kb2-02-1x	a10	gsk3b	s6240	sirna	90	286	-0.6670219538495136	-1.663968308796017	-1.565705844203122	-1.9011584779017203	-0.7211098347356273	0.39922664838819366	1.156067841805517	-0.6324046272963104		1.42869975895083	-1.2553051145320142	-0.9155708642510392	2.000742425514132	0.8475620926366044	-0.20216401867117165	-0.08251849113020833	1.8490336383073802	-0.007896349822018037	-1.442717608356563	1.8709457868830988
infectx_published	listeria	a	u	1	kb2-02-1x	a10	gsk3b	s6240	sirna	87	191	-0.22206445287927676	0.9886568033839507	-0.27775877812342376	-0.4617618748337663	0.2904114513158375	-0.6594202753042182	-0.04370295444406438	-0.6324046272963104		0.9313519168112963	0.2516261988040263	-0.2184347016604922	0.6884869808906868	-0.2204855729473894	1.1945545452150068	1.102046017056705	0.8807867609154695	1.4423415959680028	-0.0941195269556634	0.7100575466930177
infectx_published	listeria	a	u	1	kb2-02-1x	a10	gsk3b	s6240	sirna	90	256	-0.8247941377662492	-1.1306369907667533	-1.2201230307317996	-1.6007103368632292	-0.9843597148222084	-0.19599878132511664	0.3796058774286745	0.9916823920637007		1.1095582366871075	-0.7016842568086707	-1.064749683591591	1.6205562686606108	0.8525404668162432	-1.1057273881576912	-0.6748007452236651	1.3342694756433264	-0.6622381221802661	-1.08039601079442	1.5043495005072838
infectx_published	listeria	a	u	1	kb2-02-1x	a10	gsk3b	s6240	sirna	87	114	0.6838274790780815	-0.4451136798884155	0.6212162498468085	0.7378363195466613	0.10934247826769145	0.8490681805341571	-0.06912487861343915	-0.5617921481937013		-0.35516557226200196	-0.5793014663129619	1.490266858200762	-0.3171667243347574	-0.33902784048752527	-1.3454849783083533	-0.08251849113020833	-0.16099785399987737	0.4524474904353323	1.4726403948761324	-0.2308729216715744
infectx_published	listeria	a	u	1	kb2-02-1x	a10	gsk3b	s6240	sirna	82	272	-0.2260586853834979	-0.020485646389009838	-1.184896265964942	-0.3126884293240818	0.07955586445455771	0.4404297231473613	-0.12511326945993687	-0.49117966909109206		0.967809245287611	-1.2624088040013968	0.3351710314742894	1.7186688252679712	0.08050947404466659	1.2119195822975475	-0.6748007452236651	1.8245210591329013	0.9533916376773576	-0.9027475711801944	1.6998675199077184
infectx_published	listeria	a	u	1	kb2-02-1x	a10	gsk3b	s6240	sirna	88	22	-0.12180921702332574	0.980903668244632	-1.0356624949886502	-0.8875110892791767	0.47143689673624667	-0.5044462826400369	0.31168061218710047	-0.4205671899884829		-1.402178731749523	-0.1346431239628148	-1.3484090602803256	-1.3228204295602017	-0.288853640452954	-1.2515622243269156	1.6943282711501617	-1.4601645502472511	-1.1507290466240763	-0.380572353423058	-1.355101533224074
infectx_published	listeria	a	u	1	kb2-02-1x	a10	gsk3b	s6240	sirna	89	241	-1.0756319390313378	1.3240537404267994	0.525789977467508	-0.21665895040756863	-0.17784760418810344	-1.639291581018194	-0.8240436731494664	-0.7030171063989196		1.6721843528876945	-1.5336848997697803	-1.3472876201070207	1.215841972655249	-0.662000963263178	-0.9159413461356612	-1.8593652534105785	1.1504251318347358	-1.0278287475016883	0.09378171947391023	1.321051357319376
