well	gene	sirna	image_idx	object_idx	is_infected	cells_areashape_area	cells_areashape_eccentricity	cells_areashape_extent	cells_areashape_formfactor	cells_areashape_majoraxislength	cells_areashape_minoraxislength	cells_areashape_orientation	cells_areashape_perimeter	cells_children_bacteria_count	cells_children_invasomes_count	cells_location_center_x	cells_location_center_y	cells_neighbors_anglebetweenneighbors_2	cells_neighbors_firstclosestobjectnumber_2	cells_neighbors_firstclosestxvector_2	cells_neighbors_firstclosestyvector_2	cells_neighbors_numberofneighbors_2	cells_neighbors_percenttouching_2	cells_neighbors_secondclosestobjectnumber_2	cells_neighbors_secondclosestxvector_2	cells_neighbors_secondclosestyvector_2	cells_parent_nuclei	nuclei_areashape_area	nuclei_areashape_eccentricity	nuclei_areashape_extent	nuclei_areashape_formfactor	nuclei_areashape_majoraxislength	nuclei_areashape_minoraxislength	nuclei_areashape_orientation	nuclei_areashape_perimeter	nuclei_children_cells_count	nuclei_children_perinuclei_count	nuclei_location_center_x	nuclei_location_center_y	perinuclei_areashape_area	perinuclei_areashape_eccentricity	perinuclei_areashape_formfactor	perinuclei_areashape_majoraxislength	perinuclei_areashape_minoraxislength	perinuclei_areashape_orientation	perinuclei_areashape_perimeter	perinuclei_location_center_x	perinuclei_location_center_y	perinuclei_parent_expandednuclei	perinuclei_parent_nuclei	prediction	f_0	f_1	f_2	f_3	f_4
b05	none	si00584073	257	175	0	-0.9196976	-0.31480995	-0.61555785	-0.49825233	-0.96535873	-0.58250695	-1.2555709	-0.6820937	0	0	1.613592	-0.13887809	-0.6591496	1.1673200000000001	-1.3534917	-0.200664	-1.0195191	0.7135189000000001	1.2874981	-0.29324234	1.1484691	1.3640302839367802	-1.5579906000000001	0.9478655	-1.1473016000000003	-2.5970871	-0.8896013	-1.6775612000000002	-1.6080061	-0.59365565	1	1	1.6473521	-0.13922416	-1.7042130000000002	1.5762053	-0.9838551999999999	-0.9524811	-2.2646248	-1.6532950000000002	-1.1723187	1.6359191000000002	-0.14299655	1.3640302	1.3640302	33	4.058112621307373	2.3556900024414062	3.9066784381866455	0.2985477745532989	0.5151075124740601
a04	none	si00577353	28	144	0	-0.4231165	0.6579913000000001	0.07464111	0.04084974	-0.046016477	-0.42982346	-1.208318	-0.3968357	0	0	1.5939877	0.70189285	-0.17361870000000001	0.8846122	0.1707983	-1.1088687	0.13620575	-0.1562017	0.6875578	-2.0093443	0.2194241	0.850150652567527	-0.9799458000000001	0.30534095	0.66171813	0.38379335	-0.9037066999999999	-0.95820147	-0.81925046	-0.9733748	1	1	1.6243794	0.6291718000000001	-1.9030411	1.118187	-0.7184615	-1.0427674	-1.7297697	-0.6398526999999999	-1.4989282	1.6187027	0.6474679	0.85015064	0.85015064	33	3.4306910037994385	1.8334459066390991	1.1095874309539795	-1.409095048904419	0.7282359600067139
a04	none	si00577353	36	153	1	-1.1893038	1.1679515	-1.5002111999999999	-1.6933116999999998	-0.7396175	-1.6984153999999998	1.1632818	-0.48065212	0	1	1.1005483	-0.613121	1.1897788999999999	1.1174303	0.93118656	0.5278193	-0.44165668	-0.65208393	0.72088784	-1.1092796	-0.26806438	0.9993415132876329	-1.1637173	1.2815326	-1.4271694	-0.2326663	-0.33264083	-1.7688582	1.138666	-0.98859537	1	1	1.0784205	-0.5766005	-0.48963270000000003	0.9197109	1.3322421	-0.6061951	-1.1883885	1.1167848	-0.8913972	1.0788527	-0.57761866	0.9993415000000001	0.9993415000000001	33	2.8699398040771484	1.48353374004364	2.596498966217041	0.4606684148311615	2.0947258472442627
b10	rpl26	si00588413	298	117	0	-0.47603809999999996	1.2175525	2.3950299999999998	0.47849733	0.29468897	-1.1401141000000001	-1.7101380000000002	-0.572759	0	0	1.6179823999999998	-0.14339016	-1.2347972	0.25267717	-1.3752723999999998	-0.013872581	-1.0195191	0.7135189000000001	0.28759759999999995	-0.9056263000000001	1.4988723	0.40257807040720894	-1.5112123	1.2905079	1.185583	-0.62760663	-0.74822116	-2.0836468	1.6045866000000002	-1.2695273	1	1	1.6474416	-0.10266554	-1.9549093000000002	1.7592043000000002	-0.8620866	-0.7430328	-2.4406220000000003	1.6715267	-1.5034108999999998	1.636794	-0.10175847	0.40257806	0.40257806	33	4.105059623718262	0.9381530880928041	2.6191956996917725	0.4462023973464966	0.2903117835521698
a06	none	si00577689	50	205	1	-0.5471883000000001	1.1055541000000002	-1.9548066000000002	-1.7055723999999999	0.29389390000000004	-0.8911604999999999	0.9745181999999999	0.47626796	0	2	1.4449949	0.26732865	0.8753851	1.6828459999999998	-1.0693393	-0.27339613	0.7140681999999999	-0.3939007	1.9540985	0.665176	0.651447	1.8613331530038	-0.8696828999999999	1.2498	-2.3258312	-0.933077	0.08251371	-1.4058121000000001	0.8601402	-0.45142874	1	1	1.4432186000000002	0.27244464	-0.08333178599999999	1.1942822	0.6577301999999999	0.06418531400000001	-1.0546354	0.8516123	-0.33263367	1.4444952	0.27242649999999996	1.8613331000000002	1.8613331000000002	33	1.4244446754455566	3.8358371257781982	3.58876633644104	-0.97202068567276	1.9007509946823118
a16	unknown	si00582085	140	221	0	-0.31609723	1.3996233	0.8185696	-0.7189748	1.1563051000000002	-1.2366475000000001	1.7068665	0.013633093999999998	0	0	1.6257161	-0.9302341000000001	-0.62328875	1.9988133999999997	-1.0484239	-1.4445478	-1.0195191	0.7135189000000001	1.9207685	-1.3528603000000001	0.8392995999999999	2.12656134983955	-1.4644341	0.077926524	1.8080276000000002	0.08697455	-1.4700163999999998	-1.3539004	-1.5686518999999999	-1.4030328	1	1	1.6432209999999998	-0.8854165	-1.8684623	1.2406926999999999	-0.19769618	-1.2109882	-1.9875178	-1.6686807000000001	-1.6475846	1.6330142	-0.8877292999999999	2.1265614	2.1265614	33	4.723263740539551	3.1420366764068604	1.2026283740997314	0.8361221551895142	2.5730082988739014
a19	none	si00576681	171	179	0	-1.0190727	0.92163235	0.54865605	0.55348504	-0.7115176	-1.3385215	1.5284568	-1.0701227	0	0	1.6261915	0.7848607	-0.785098	1.2504693	-1.2050671999999998	-0.3849704	-0.44165668	0.7135189000000001	1.2874981	-0.56936765	1.0307217	1.43033733314572	-1.2338846	1.6282014	1.8089775000000001	-1.2055347	0.21178307	-2.2136881	1.63776	-0.75319976	1	1	1.647618	0.7599001	-1.6264107	2.006893	-1.3083446	0.12613665	-2.525842	1.6853554	-0.9458244	1.6360021	0.7617088000000001	1.4303373	1.4303373	33	4.012940406799316	2.6882071495056152	3.606682300567627	-0.7540974020957947	-0.955748736858368
a04	none	si00577353	36	199	1	-1.0123103999999998	0.94547826	-0.11068432	-0.584527	-0.6000432	-1.2810527	-1.3860025	-0.75933385	0	1	1.6194868999999998	0.03415675	-0.6308491	1.5996965	-1.0001864	-0.018241307	-0.44165668	0.5813703	1.7874484	-0.06481415	-0.9594333	1.7618725791904	-0.99999356	1.3032241000000002	-1.6382364999999999	-0.33035678	-0.11984815	-1.6582246999999999	-0.94418794	-0.78917587	1	1	1.6139153999999998	-0.010341668	-0.7792302	1.2575626	0.61229515	-0.29619159999999994	-1.3897274	-0.8521394	-0.88541996	1.6150103999999998	-0.005254750999999999	1.7618725	1.7618725	33	3.4219753742218018	3.3350989818573	2.8782222270965576	-0.2894157469272613	0.5033417344093323
a02	abl2	none	12	104	1	-1.1728393	-0.6357001	0.7957592	-0.9033059000000001	-1.4019104	-0.9933424000000001	-0.19006398	-0.8547161	0	1	1.6022309	0.33496806	-1.2330436000000002	0.1362681	-0.35333306	1.5189008	-1.5973815	-0.196829	0.08761749	-1.5015703	0.48271328	0.18708016047816697	-1.4109733999999998	1.4587231999999999	-1.2789905000000001	-1.0582277	-0.38225472	-2.1551270000000002	-0.4666292	-1.0156823	1	1	1.6278204	0.33916609999999997	-1.1379852	0.7679011	0.72226495	-1.2339790000000002	-1.5107687	-0.77814764	-1.2378850000000001	1.6182821000000003	0.33437577	0.18708016	0.18708016	33	3.716766834259033	0.6333849430084229	2.3896541595458984	-0.5125247836112976	0.6363736391067505
b05	none	si00584073	260	191	0	-0.14145593	0.874374	-0.21758287	-0.8517351999999999	0.2990806	-0.45286638	1.4565973	0.24217336	0	0	1.5979023	0.5845427	-1.1555157	1.3336186	-1.7811354	-0.10641987	-1.0195191	-0.2590566	1.4541482	-0.6028094	-1.3639523	1.62925848077253	-1.4978472	1.1451033000000002	1.6293954	-0.22285105	-0.89969033	-1.9640574	1.7071785	-1.3634926	1	1	1.6470200000000002	0.56291187	-1.9981328	1.6812061999999999	-0.7247218000000001	-0.8327899	-2.3585734	1.7275438000000003	-1.6048848999999998	1.6365058000000001	0.56378424	1.6292585	1.6292585	33	4.151326656341554	2.3963303565979004	2.428717374801636	-1.7198232412338257	2.1055870056152344
b06	none	si00587377	263	160	0	-0.64479923	0.70180774	-0.21755832	0.21007913	-0.39235067	-0.80036616	-0.5971607	-0.6365354	0	0	0.40778702	0.050865833	0.14457974	1.0841706	0.10825716	1.0444363	0.7140681999999999	0.66577625	1.1541780000000001	0.77777547	-0.54877645	1.1153788494032701	-1.0801847	0.44415987	-1.9967203999999998	-0.9835773000000001	-0.8633161	-1.0585042	-0.7223165	-0.65810233	1	1	0.4559553	0.07290826	-1.4059708999999998	1.0980290000000001	-0.9883545	-0.6331661999999999	-1.415949	-0.81027746	-0.84982955	0.4500367	0.08036938	1.1153788999999998	1.1153788999999998	33	2.573362112045288	1.3878103494644165	2.5659854412078857	0.1664046049118042	-0.5974700450897217
a22	none	si00583205	194	140	0	-0.7920977	1.0106675999999999	-0.5180209	0.52807784	-0.36759615	-1.1960313	-0.56119037	-0.8490918	0	0	1.0835036	-0.16612424	-0.64520985	0.76820314	-0.06160129599999999	-1.1891009	0.13620575	0.7135189000000001	0.7042228	-1.0053324000000001	-0.04371166	0.7838436033585909	-1.8186118999999998	0.61034566	-0.16217382	-1.235373	-1.6162007	-1.9499377	1.5895063	-1.5011493999999999	1	1	1.0347394	-0.17271002	-1.6739566000000003	0.5709383000000001	0.6450758000000001	-1.8672161	-1.8475074	-1.4861248	-1.7183131999999999	1.0397615	-0.17927907	0.7838436	0.7838436	33	4.836507797241211	0.6669898629188538	1.6494113206863403	0.010565252974629402	0.8993167877197266
a16	unknown	si00582085	143	132	0	-1.2284069	1.1475912	-2.0176863999999997	-0.116435096	-0.7727489000000001	-1.6891869	-0.8238923	-1.1641148000000001	0	0	1.4532916999999999	-0.032907315	1.3170683	0.5852746	-0.66196454	0.719192	-0.44165668	0.7135189000000001	0.6875578	0.69264024	-0.5279901	0.651229504940719	-1.7083490000000001	0.7654489999999999	-0.8155663000000001	-0.92663056	-1.4324903	-1.9335905	-0.57998824	-1.4366608	1	1	1.4932766000000002	-0.027255015	-2.4995255000000003	1.5579331	-0.7063968	-1.9663997	-2.8457209999999997	-0.71932817	-2.2224228	1.4828236000000001	-0.012574358999999998	0.6512295	0.6512295	33	5.718457221984862	0.4820623397827149	3.242132663726806	-0.12380268424749374	1.0014805793762207
a01	ptk2	none	3	198	1	-1.0420053	0.03955124	0.9694645000000001	1.1606379	-1.1810167	-1.0461937	1.1019169	-1.2028873	0	1	1.6095408000000002	-0.10303925	0.064031385	1.6329563	-0.3472175	-1.614917	-1.5973815	0.7135189000000001	1.4208181999999998	-1.1666181	0.89955145	1.7452958168881598	-1.6281579	0.6752625	-0.7975315	-1.7334498	-1.3318602	-1.7478248	1.185452	-1.0656212999999999	1	1	1.6426343	-0.15159267	-1.5486084	1.472137	0.1018882	-1.1673583	-2.248585	1.4525309	-1.4180114	1.6307973	-0.14175905	1.7452957999999998	1.7452957999999998	33	5.324663162231445	2.663127899169922	2.5279030799865723	0.4944664239883423	-0.4290195405483246
a06	none	si00577689	49	167	1	-0.85913175	1.0707281000000002	-0.92846096	-1.4933026000000003	-0.046479516	-1.0619752	-0.011348438	-0.109622546	0	1	1.5650103000000002	-0.33872217	-2.00542	1.2172096000000001	-0.977476	0.6868218	-1.5973815	-0.33709368	1.170843	-0.7494522	1.3646839	1.2314161855189099	-1.6715947	0.9592516999999999	1.2548308000000001	0.12914142	-1.3389757	-2.0693772	0.06543157	-1.6565002	1	1	1.4884648	-0.32765096	-1.9332976000000002	1.3943408000000002	-0.12240008	-1.3395486	-2.257315	-0.22877063	-1.7433987000000002	1.4950428999999998	-0.34058318	1.2314162	1.2314162	33	4.885853290557861	1.3567332029342651	2.1853621006011963	-0.1123647540807724	3.31497859954834
a17	none	si00576289	151	218	0	-1.1590208999999998	1.568495	-0.72790456	-2.143767	0.8801768	-2.2016869999999997	1.716822	-0.017439578	0	0	1.6434726999999998	-0.06012224	-0.8807398000000001	1.9988133999999997	-1.2757938	-0.2126511	-1.5973815	-1.7477291000000001	1.9041034	-0.788996	1.7098988000000002	2.07683106293284	-1.5680143999999998	1.5129421	0.5326005	-1.2135975	-0.5031643	-2.3478737	1.6086120000000002	-1.1634023	1	1	1.6488694	-0.1592129	-1.9376199	1.9064976000000002	-1.1018562	-0.5666613	-2.6271150000000003	1.6610179	-1.3888056	1.6383653999999999	-0.15850405	2.0768310000000003	2.0768310000000003	33	4.464835166931152	2.82417893409729	4.7477335929870605	-0.4563964009284973	3.3442869186401367
a06	none	si00577689	50	221	1	-1.3518907	1.3103704	-2.2780857000000005	-1.6504875	-0.74503106	-1.9442046999999998	-0.9053971	-0.82031727	0	1	1.6059229	0.6190889	1.2718104	2.1484822999999995	0.11598237	-0.6479733	-0.44165668	-0.40476173	2.0040934	-0.29032925	0.68995076	2.12656134983955	-1.5713556999999998	0.439722	-1.0180779	-1.5496638	-1.3912383	-1.5758003	-0.69723266	-1.0537966	1	1	1.6310579	0.6293561	-2.3309537999999996	1.4843472	-1.3235925	-1.6838803	-2.5849512000000003	-0.8163446	-1.7838794999999998	1.6208354999999999	0.6432925	2.1265614	2.1265614	33	5.647861003875732	2.778763771057129	3.976068019866944	-1.43619704246521	1.6457585096359253
b09	none	si00584577	290	222	0	-1.2801526	0.5117327	-1.5366399	-1.8298595000000002	-0.86594075	-1.0509038	0.40893787	-0.5576829000000001	0	0	1.5929271999999999	-0.53802484	-1.9831134999999998	2.0487029999999997	0.10639128	0.8415785	-1.5973815	-0.52045953	2.0374236	-0.7383041	2.0913169999999996	2.14313811214178	-1.8687314	0.71421015	-0.15578386	-0.89519405	-1.7054278000000003	-2.1298578	1.5907983	-1.6682828999999997	1	1	1.6474321	-0.5327907	-2.6075842000000002	1.409741	-1.4058263	-1.7205240000000002	-2.5197334	-1.6551307000000002	-2.1257942	1.6411654999999998	-0.5404868	2.1431382	2.1431382	33	6.186073780059815	2.337770938873291	3.269083261489868	0.4634219408035278	3.181369543075561
a04	none	si00577353	32	166	1	-1.1216817	1.0402383	-0.6214460999999999	-0.55632496	-0.7255828000000001	-1.5031846000000002	-0.035504784	-0.9052129000000001	0	1	1.5294459999999999	0.692959	1.3115008	1.2005798	-0.18561689999999997	0.7964915	-1.0195191	0.7135189000000001	1.3374932	0.36522374	-0.8429575	1.21483942321668	-1.2004715	-0.15545917	-2.1403744	-1.2844784	-1.2109398999999998	-0.89112777	0.34702343	-0.685189	1	1	1.4767569	0.71481824	-2.0932245	1.3252751	-2.594548	-1.1272984	-2.0334953999999996	0.08280184	-0.87237936	1.4793319999999999	0.69410986	1.2148395	1.2148395	33	3.950507164001465	2.15602707862854	3.5362863540649414	-0.9546769857406616	-0.4985329210758209
b10	rpl26	si00588413	302	148	0	-1.0899287	-0.20867036	0.47805017	-0.115865245	-1.2134695	-0.9468386999999999	-1.0750091999999998	-0.9930476	0	0	1.6150327	0.31157740000000006	-0.80313826	0.9012421	-0.07612682	-0.9705531999999999	-1.5973815	-1.5993096000000002	0.80421287	-1.0801979	-0.14886405	0.9164577017764629	-1.0768434999999998	0.9466803	1.5955999	-0.24632649999999998	-0.5299812	-1.3731306	-1.525843	-0.89362365	1	1	1.6432293999999998	0.32815897	-1.6696342	1.5692526000000002	-1.0713204	-0.35899067	-1.9002095	-1.6212429	-1.0974693000000002	1.631946	0.32596594	0.9164576999999999	0.9164576999999999	33	3.767011165618897	1.62176513671875	1.9862345457077024	-0.8223733901977539	0.5349273085594177
a05	none	si00408485	39	165	1	-0.9629169	1.4382713	-1.9257636999999999	-0.9447652	0.259728	-1.7852043000000002	1.2492172	-0.5557911999999999	0	3	1.3376201	-0.02077609	-0.21423239	1.3003589	1.7245467	-0.23223992	-1.0195191	-2.3577166000000003	1.170843	-0.16338995	1.6409771	1.19826266091444	-0.97660446	1.2923821000000002	-0.9487675999999999	-0.20136023	-0.1234355	-1.6393616000000002	1.2345598	-0.8048158000000001	1	1	1.3383497	-0.03629328	-0.29512694	1.0244083000000002	1.2076768999999998	-0.29966736	-1.0861243	1.165943	-0.6970521	1.3388373	-0.035915512999999996	1.1982627000000001	1.1982627000000001	33	2.325123071670532	2.043454885482788	2.87264084815979	-0.5564825534820557	2.697266101837158
b13	none	si00585305	330	160	0	-0.8117963	0.37117398	-0.4813669	-0.025440697999999998	-0.629195	-0.6873758000000001	0.079468094	-0.7217865	0	0	1.4420306999999999	0.28544426	0.53689015	1.0841706	-0.9083399999999999	0.38363075	0.13620575	0.7135189000000001	1.3541582	0.97419417	0.38555005	1.1153788494032701	-1.2305433000000001	0.11515139999999999	-1.2354076999999999	-0.4847027	-1.1626183	-1.0549356	-0.46951184	-0.9865408999999999	1	1	1.3826379	0.29729578	-1.7560812	1.2413338	-1.2627507	-0.9250215	-1.7941357	-0.49345997	-1.11205	1.3888096	0.28356647	1.1153788999999998	1.1153788999999998	33	3.699771881103516	2.113699197769165	2.1616575717926025	-0.3040105700492859	-0.039606887847185135
a08	none	si00557781	69	152	0	-0.83678705	1.1048818999999999	-0.5856103	-0.42483148	-0.22432974	-1.2478691000000002	1.4187683999999998	-0.6178982	0	0	1.4694066000000001	-0.122450314	1.4726451999999999	1.0841706	0.80897224	0.09528297	-0.44165668	0.42977783	0.8875379000000001	-0.6924880999999999	-0.13161498	0.9827647509853991	-0.9097784999999999	0.49243665	-1.1194986	-0.9040969999999999	-0.63575965	-0.88789606	1.4810704	-0.5038414000000001	1	1	1.4780505	-0.14114304	-0.24325874	0.508287	0.9897787	-0.5585464	-0.72667557	1.4317399	-0.5805906	1.479508	-0.14429905	0.9827648000000001	0.9827648000000001	33	2.2078969478607178	2.455646276473999	1.691335678100586	0.12531784176826474	0.6125860214233398
a02	abl2	none	18	177	0	-0.7920977	1.0571334	-0.5072346	-0.5726581000000001	-0.20234877	-1.149718	-0.36510929999999997	-0.5152604000000001	0	0	0.6609194	-0.61411524	1.3418964	1.4500277	0.41547185	-0.73952997	-1.0195191	0.6180332	1.3208281000000002	-0.52251226	0.64897335	1.39718380854125	-1.1670586	0.7664029	-2.1311595000000003	-1.405277	-0.7583002	-1.3288497	-0.17109275	-0.60019666	1	1	0.6730446999999999	-0.5861958	-0.3686069	0.11155334	1.133307	-1.0404314000000001	-0.8028334	-0.27232733	-0.72920173	0.6743231	-0.5830918	1.3971837999999999	1.3971837999999999	33	2.590798854827881	1.9752864837646484	2.180028915405273	0.8056307435035706	0.9266728758811952
b02	abl2	none	228	129	0	-1.0425934000000001	0.55776584	-1.0420213	-0.060179703	-0.9811485999999999	-1.2027136999999999	0.7938308000000001	-0.9532976999999999	0	0	1.3004563999999998	0.5687791999999999	-0.0316816	0.43560573	-0.61070985	-0.8130255999999999	0.7140681999999999	0.7135189000000001	0.8542079	0.99567646	-0.28572473	0.6014992180340171	-0.8897306999999999	1.1980761999999998	-1.4250392	0.044029016	-0.13586605	-1.4691758	1.0241443000000001	-0.7919433000000001	1	1	1.3050926999999999	0.5393654	-0.61930317	1.067084	0.5089162	-0.27894497	-1.1247035	0.92867994	-0.7119948	1.305972	0.54331857	0.6014991999999999	0.6014991999999999	33	2.515399217605591	1.6984833478927612	2.168226957321167	-0.8831558227539062	-0.4545427560806274
a08	none	si00557781	69	139	0	-0.8511934999999999	-0.63784385	-0.4380906	-1.6518837	-1.0228673000000001	-0.48774922	-0.058972555999999995	0.023522882000000002	0	0	1.2351819	-0.25130573	-0.72993267	0.70168364	-0.4499763	1.2066284	0.13620575	-0.8918671	0.8875379000000001	0.9461914	0.54066753	0.767266841056357	-1.517895	1.4735105	-2.4529953	-1.5484315	-0.444375	-2.2263184	0.64465773	-0.98272514	1	1	1.2325718	-0.23421967	-0.57607967	1.2429778999999999	1.4139237	-0.70696884	-1.6482218999999998	0.66245145	-0.9864869	1.2365613000000002	-0.23619534	0.76726687	0.76726687	33	2.7505052089691158	1.3726598024368286	3.166911363601685	0.07838588953018187	1.8529480695724487
b14	none	si00411705	342	243	0	-0.9064671999999999	1.3607328	-0.19802675	-1.6320584999999999	0.185251	-1.5746129	-1.636687	-0.0717197	0	0	1.6331174	1.3136	-1.0283997	2.314781	-0.79450816	0.49441847	-0.44165668	0.41341522	2.2207386000000002	-0.88307476	-0.6510563	2.4912501204886897	-1.2606149	0.7256364000000001	1.4040933999999998	-0.41174948	-0.9023169	-1.4094453000000002	-1.5698199	-1.0413436	1	1	1.6436814	1.3205483999999998	-1.7474365	1.4820417	-0.89349157	-0.7113663	-1.9791538	-1.6449186000000002	-1.2569933	1.6328653999999998	1.3200889	2.49125	2.49125	33	4.541181564331055	3.7347564697265625	2.555490255355835	-2.631990671157837	1.1842496395111084
a13	znf729	si00575589	114	162	0	-1.2219387	1.3894023000000002	-1.4130784	-1.1717395	-0.3929033	-1.9357408	-0.2716033	-0.820641	0	0	1.5308187	0.36314553	0.6314312	1.0841706	-0.1131657	0.5090822	0.7140681999999999	0.7135189000000001	1.237503	0.48123333	-0.3753548	1.14853237400774	-1.4744581	-1.1760758	-0.7411839	-0.14955588	-1.7678246	-0.96907395	-0.12950814	-1.3551487	1	1	1.5700103	0.36706865	-2.6205513	1.2688371999999999	-1.30649	-1.6630937	-2.3247283	-0.68757206	-2.1800854	1.5609795	0.3679982	1.1485324	1.1485324	33	5.354974269866943	1.5088787078857422	1.8719278573989868	-0.8287630677223206	1.0926026105880735
a15	none	si00370398	133	144	0	-1.196066	1.263285	0.57179457	0.25340813	-0.67977494	-1.82067	-1.6616311000000001	-1.2039411	0	0	1.6373438999999999	-0.23076418	-1.4224994	0.7183135	-0.56131184	0.5459715	-1.0195191	0.7135189000000001	0.58756775	-1.0802094	-0.13037552	0.850150652567527	-1.0902086000000002	1.395551	1.0322503	-1.027097	0.032753155	-1.7453506999999997	1.6909636000000001	-0.6536576	1	1	1.6464343999999997	-0.21465284	-1.7387918000000002	1.8574688000000001	-1.7920383999999998	0.07314829	-2.2039576000000003	1.7223675999999999	-0.84656906	1.6353091	-0.21477365	0.85015064	0.85015064	33	3.5797731876373287	1.823648452758789	3.685348510742188	0.7089686393737793	-0.5228056311607361
b02	abl2	none	228	142	0	-1.1990061	1.3201448999999998	-2.3828150000000003	-1.5776054	-0.33973467	-1.7445577	-1.3135818000000001	-0.5730573	0	0	1.410517	-0.036784537	0.1720279	0.7349434	-0.28119168	0.66264623	-0.44165668	-1.236811	0.9708629000000001	1.1229651000000003	-0.14176007	0.8169971279630591	-1.4243386	1.3949213	-1.3545325000000001	-0.6090583	-0.53508264	-2.1260380000000003	-1.3553414	-1.1706561000000002	1	1	1.4125248	-0.013534205	-1.2676557	1.5079327	0.09478450599999999	-0.6085856	-1.9543830000000002	-1.2568683999999999	-1.1415727	1.4181556	-0.0205165	0.8169970999999999	0.8169970999999999	33	3.5418331623077397	1.1447336673736572	3.9345791339874263	-0.6525811553001404	2.4329004287719727
a05	none	si00408485	45	324	1	-1.2181166	0.8745469000000001	-2.5633247000000003	-1.8193659	-0.93612623	-1.4654516000000002	-0.94818306	-0.44276845	0	1	1.6135718000000001	-1.5724055000000001	0.27301303	3.828099	-0.10390769	-0.7462666	-1.5973815	-0.53815436	3.5372744	-0.64278024	0.58560634	3.8339678669696498	-1.8052467	0.62232834	-1.531767	-0.71104074	-1.6911183999999997	-2.0314624	-0.7004876	-1.6270236	1	1	1.6383741000000003	-1.5948521999999998	-2.4390125	1.3955654	-0.123218626	-2.0440156000000003	-2.7111568	-0.7565029999999999	-2.3272479	1.6258478	-1.5856021999999999	3.833968	3.833968	33	7.2311339378356925	4.618366718292236	3.44748330116272	1.601329684257507	4.103769779205321
b12	none	si00589022	324	234	0	-0.6833144	0.37806997	-0.7482234999999999	-0.9529569	-0.31296763	-0.36703286	1.3707008	-0.22588895	0	0	1.5876503999999998	0.44643608	0.03878351	2.4644496	0.51182175	0.11077229999999999	0.7140681999999999	0.5484972	2.2707336	-0.5378244000000001	0.7315640999999999	2.3420592597685896	-1.517895	0.8582131	-2.3302894	-2.0507452	-1.0316684999999999	-1.6844813000000003	-1.4780293	-0.78645027	1	1	1.5794567	0.50497335	-0.61930317	0.7897118000000001	0.67700624	-1.0491613000000002	-1.3885981	-1.5735863	-0.77303356	1.5783757	0.50731903	2.3420593999999997	2.3420593999999997	33	3.5967333316802983	4.170063495635986	2.9715051651000977	-0.9538326859474182	0.9879777431488036
b16	none	si00589785	360	162	0	-0.34432212	0.94693077	-0.66435325	-0.35368022	0.14982216	-0.69664425	1.1745161	-0.18220338	0	0	0.7899595	-0.31878123	1.1861475000000001	1.0176512	-0.99126095	-0.24135546	-0.44165668	0.082389854	1.3208281000000002	1.019771	-0.047754437000000004	1.14853237400774	-1.3341235	1.1037979	-1.6924597	-1.4904697	-0.67281145	-1.7242526999999999	0.623421	-0.7687559	1	1	0.8054526999999999	-0.3244277	-0.3513175	0.98229945	1.2762653999999998	-0.69735456	-1.326537	0.7114792	-0.76406807	0.80645657	-0.32683	1.1485324	1.1485324	33	2.3196864128112797	1.7778764963150024	2.7425053119659424	0.2094833105802536	1.2427626848220823
a01	ptk2	none	9	130	1	-0.42811465	0.8346152	-0.5303611	-0.09062713	0.16158623	-0.50165397	0.28919354	-0.35510516	0	2	1.5628089	-0.19892402	-0.13435546	0.60190445	-0.13518645	1.021252	-1.0195191	0.7135189000000001	0.58756775	-0.8432033999999999	-0.38244978	0.618075980336251	-1.0467718000000001	0.9499745	-0.2550609	0.22857402	-0.56517947	-1.4075187	0.28772947	-0.99727494	1	1	1.526363	-0.15805477	-1.1120511	0.9028729999999999	0.23210001	-0.75212353	-1.2790618999999999	0.047443815	-1.0453513	1.5309176000000002	-0.1681941	0.61807597	0.61807597	33	2.713774442672729	1.6086314916610718	1.6051479578018188	0.009190499782562256	1.2552584409713743
b16	none	si00589785	360	201	0	-1.066408	-0.6810673	-0.7682107	-0.8612456000000001	-1.2597218000000001	-0.7848108	0.55404305	-0.7243002	0	0	1.3186636999999999	0.43710133	-1.4000778	1.6495862000000001	-1.0275052	-0.010567699	-0.44165668	0.043951545	1.6874582999999999	-0.5708703	0.7222645999999999	1.79502610379487	-1.317417	1.0729445	-0.9892139999999999	-0.08975813	-0.75414497	-1.7422298999999999	1.2292134	-1.1938853	1	1	1.2877858999999998	0.4751058	-1.2546886	0.7253513	0.7050565	-1.2346206	-1.4719008999999998	1.400015	-1.3381816	1.2963953000000001	0.46823493	1.7950261000000003	1.7950261000000003	33	4.337662696838379	2.5914695262908936	1.589285373687744	-0.9375577569007874	1.0100687742233276
a02	abl2	none	11	191	1	-0.80709213	1.0912493	0.42952898	-1.0202253000000001	-0.19707556	-1.2048923999999999	-1.6614799999999998	-0.33063427	0	2	1.6262308	-0.43491694	1.0931895	1.6163265	-0.04045863	-1.8269328	-1.0195191	0.07907836	1.5041432	-0.54238063	1.5816176000000002	1.62925848077253	-1.5112123	1.7099551	1.1448722	-2.0516490000000003	0.050113797	-2.539978	-1.6359615	-0.77676463	1	1	1.6501793000000002	-0.41765687	-1.8425281999999998	2.0519971999999997	-1.7902069	-0.15107843	-2.7624917	-1.6684701000000002	-0.9712719999999999	1.6393232	-0.41893290000000005	1.6292585	1.6292585	33	3.9638166427612314	2.713207483291626	4.808409214019775	0.5805926918983461	0.9627249240875244
b07	none	si00499625	276	219	0	-1.4165727	0.39881268	-0.22563560000000002	0.17439087	-1.577275	-1.6841035	1.3848263	-1.487263	0	0	1.6349087	0.38879973	-0.16242929	1.9322939	-0.83890337	-0.45505157	-1.5973815	0.7135189000000001	2.0374236	-0.23156531	1.0068536	2.0934078252350803	-1.6916425	1.4701413	2.024541	-0.9476007	-0.7832640999999999	-2.4356227	-1.6984787000000001	-1.4082321000000002	1	1	1.6497654	0.38898957	-2.1537375	1.8336333999999999	-0.9171781999999999	-0.9760683000000001	-2.6950939	1.7437578	-1.7168642	1.6391407999999998	0.38756967	2.0934079	2.0934079	33	6.4454216957092285	2.7253308296203613	2.9598777294158936	-0.3734912574291229	-0.04495539516210556
a05	none	si00408485	45	242	0	-1.1093334	0.71283805	-0.3782609	-1.7440578999999998	-0.9101171	-1.2777908000000002	1.6671703999999998	-0.30343387	0	0	1.0553347	-1.1440412	-0.84855914	2.6473782000000003	0.5536745	-0.31371742	1.2919306000000002	-0.14238416	2.6873589	0.5648217	0.6048041999999999	2.4746733581864597	-1.2572736	1.5070968999999999	1.7814742	-0.5300011	-0.13868356	-2.1088464	1.6570629000000001	-1.0025162	1	1	1.0727282	-1.1588398000000002	-1.4880955	1.8299546999999998	-0.6153086999999999	-0.17689031	-2.2745485	-1.694954	-1.0910852	1.0622435	-1.1549271	2.4746732999999996	2.4746732999999996	33	4.1476478576660165	3.5525622367858887	2.9431850910186768	1.6759172677993774	1.6878114938735962
a04	none	si00577353	33	111	1	-0.8941188	-0.31926736	-0.6426416	-1.0679691	-1.0439653	-0.67836124	1.4906542999999999	-0.4111055	0	1	1.2594312	0.4806147	-0.2589688	0.3524564	0.89788336	0.11927787	-1.0195191	-0.81055284	0.25426757	-0.3475081	1.0148774	0.303117496593805	-1.5579906000000001	0.88795644	-1.2257062	-0.9557100000000001	-1.05777	-1.7437359000000001	1.1055354	-1.2313708	1	1	1.2794856000000001	0.51017916	-1.8598176	1.346753	-0.6873206999999999	-1.1157701	-2.0528044999999997	1.3510975	-1.4622056	1.2704118	0.50952595	0.30311748	0.30311748	33	3.687763214111328	0.2358367890119553	2.8611865043640137	-0.9728747010231018	1.210687279701233
a21	bmp8a	si00395122	187	146	0	0.1790138	-0.046916407	0.8753638000000001	1.1993364	-0.024278682000000003	0.36208338	-0.7063931999999999	-0.32422292	0	0	1.5644503	-0.29162309999999997	0.55429673	0.8679823	0.30615315	-1.3185263	-0.44165668	0.7000954	0.72088784	-0.9718008	0.64369977	0.883304177171995	-1.6381816999999999	0.92439365	1.1788822	-0.41061714	-1.2435051000000001	-1.9470543999999999	-1.664366	-1.4852158000000002	1	1	1.64737	-0.2731348	-2.08458	1.5818756999999999	-0.63833964	-1.1454236999999998	-2.387513	-1.6982745	-1.7363346999999998	1.6372043	-0.27387857	0.8833042	0.8833042	33	4.34746789932251	1.551176905632019	1.5023603439331057	0.31838348507881165	0.6756803393363953
a02	abl2	none	11	171	1	-0.48280029999999996	0.88571686	-0.7155494000000001	-1.3929293	0.06147701	-0.6656265	-1.5844873	0.27567083	0	1	1.1177774999999999	-0.46600443	0.3803685	1.2670991000000003	-0.2979454	1.4604046	0.13620575	-0.8192007	1.3874881000000001	1.1497574	-0.60686547	1.29772323472785	-1.1770824	1.5171273	1.3214146999999998	-0.82003295	0.036952257	-2.0241700000000002	-1.6669811	-0.8215038	1	1	1.1314123	-0.3702143	-0.16545644	0.9851382	1.5580598	-0.4671566	-1.1608117	-1.6885028000000002	-0.7150743	1.1320678	-0.37107053	1.2977233	1.2977233	33	2.1509597301483154	2.208709478378296	1.956153392791748	-0.010297155939042568	2.429739236831665
a17	none	si00576289	153	172	0	-0.6633218000000001	1.0970002	-1.1160108	-0.5207721	-0.009500806	-1.0845001	0.33257502	-0.40422440000000004	0	0	1.2641138	-1.2626556999999998	-0.03600534	1.3003589	-0.09035087	-0.7675793000000001	-0.44165668	0.7135189000000001	1.4541482	1.0026609	0.25950706	1.3142999970300802	-1.1069151000000002	1.0362555	-1.8500444999999999	-0.37446606	-0.49704403	-1.4796954	-0.70377797	-0.88662136	1	1	1.2915845	-1.2751386	-1.1163733999999998	0.5847796999999999	0.28563097	-0.9991879000000001	-1.1565087	-0.38371363	-1.0685353000000002	1.295774	-1.2686269	1.3143	1.3143	33	3.00958514213562	2.3102643489837646	2.4565255641937256	1.6637225151062012	1.73624587059021
a04	none	si00577353	32	160	0	-1.1305020000000001	0.95035785	0.08007906	0.29875100000000004	-0.9271019	-1.5426416	-0.41894335	-1.1367178	0	0	1.4229041	0.34897768	1.5042982	1.1008004999999998	-0.29579213	0.7562401999999999	0.7140681999999999	0.7135189000000001	1.2541681999999998	0.33932418	-0.7867395	1.1153788494032701	-1.4477277	0.9472136	-1.0847383	-1.4767898000000002	-0.7607970000000001	-1.568243	0.016452571000000003	-0.9171886	1	1	1.4196146	0.36895809999999996	-1.6609895000000001	1.3969017	-1.3971765	-0.6711218000000001	-1.8315256000000002	-0.08078439999999999	-0.944285	1.421932	0.35819270000000003	1.1153788999999998	1.1153788999999998	33	4.016268730163573	2.180777311325073	3.3178493976593018	-0.166200652718544	-1.087102293968201
a17	none	si00576289	147	219	0	-1.3192556999999998	0.9087370000000001	-1.1392622	0.16183478	-1.2235625	-1.7333353999999999	1.1279099	-1.343993	0	0	1.6237766000000002	-0.5179441	0.5148522	1.9988133999999997	-0.5072339	-0.6307169	-1.5973815	0.7135189000000001	2.0374236	-0.12561533	1.0999377000000001	2.0934078252350803	-1.3140757	0.88009965	-1.2422683	-1.2712923999999999	-0.73358804	-1.4540752000000001	1.2230955	-0.8249421	1	1	1.6421181	-0.57258373	-2.815057	1.1178875	-3.4664032	-1.5127469	-2.061355	1.3453817	-1.488423	1.6359313	-0.54639804	2.0934079	2.0934079	33	5.340722560882568	3.1132400035858154	4.060585498809815	1.2508690357208252	-0.011149778962135315
b16	none	si00589785	355	173	0	-1.0223067	-0.12143219	-0.057534125	0.8344485	-1.1925801	-0.9681860000000001	-1.2251121999999999	-1.1277419	0	0	1.1921538999999999	-0.041527800000000004	-0.19482723	1.2338394	-0.99557143	-0.17701851	-1.0195191	0.7135189000000001	1.4374832	0.3649245	-0.83119476	1.33087675933231	-1.0968913	0.31798998	-1.2547476	-0.9032906999999999	-0.9438684000000002	-1.0115639	0.6823391	-0.7046029	1	1	1.150076	-0.069455214	-1.9721987	1.0040531	-2.0116419999999997	-1.2532146999999998	-1.7571922999999998	1.2744601999999998	-1.0225298	1.1675997	-0.069302686	1.3308767	1.3308767	33	4.002857208251953	2.0908250808715816	2.334467887878418	0.37236836552619934	-0.942460596561432
a04	none	si00577353	30	152	0	0.84200394	-0.07681905	0.3407705	-0.2705307	0.46988285	0.97393835	-0.70317763	0.6266033000000001	0	0	1.5442743	0.9847633	-0.64724356	1.0176512	-0.33124012	-1.5056479	-0.44165668	0.7135189000000001	0.9375329	-1.652059	0.20279045	0.9827647509853991	-1.574697	0.80644494	-0.29907826	-0.16188392	-1.2743921	-1.8369669999999998	-0.45302057	-1.4702889	1	1	1.5046613000000002	0.8633155999999998	-1.7949824	1.4444021999999999	0.43093565	-1.1934458000000001	-2.228169	-0.2049034	-1.7745063	1.5085975	0.87832594	0.9827648000000001	0.9827648000000001	33	3.5144357681274414	1.8118516206741333	1.5563324689865112	-2.200697660446167	1.7291167974472046
b13	none	si00585305	325	173	0	-0.50455695	1.0852648	-0.519393	-1.2009531999999998	0.33310616	-0.82163465	-1.5407416	0.11327466	0	0	1.6174881	-0.71255434	-1.7735763999999998	1.2837291000000002	-0.20432109	1.2256396999999999	0.7140681999999999	0.33863935	1.2541681999999998	-0.7236062	0.7202448	1.33087675933231	-0.9231437	0.44761896	0.67061555	0.07142306	-0.69818467	-0.89921117	-1.3833202	-0.8322381	1	1	1.6399925	-0.5898146	-1.8727846999999997	1.5524695	-1.6271616000000002	-0.1906298	-1.7715459999999998	-1.5432656999999999	-1.0847459	1.632119	-0.59599096	1.3308767	1.3308767	33	2.7946410179138184	2.6682446002960205	2.3240444660186768	0.7766867280006409	1.8606724739074707
a16	unknown	si00582085	143	142	0	-0.85560364	-0.27638507	-0.08663988	0.1609606	-0.9567806999999999	-0.5937733000000001	-1.0081333000000001	-0.81660384	0	0	1.6058526000000002	0.19188550000000001	-1.3778597	0.6684239000000001	-0.9633475	0.3980687	-1.0195191	0.52998644	0.72088784	-0.33129218	1.2857007	0.8169971279630591	-0.96658057	1.2727437	-1.2500923000000002	-0.23564583	-0.13923547	-1.6124353	-0.5173947	-0.784354	1	1	1.6100228	0.18942134	-0.45073155	0.87201804	1.1635786	-0.48471729999999996	-1.0436113	-0.6483264	-0.80454886	1.6087513	0.18861383	0.8169970999999999	0.8169970999999999	33	2.763744831085205	2.0659875869750977	1.765103101730347	-0.21338295936584475	0.2718895673751831
a04	none	si00577353	33	124	1	-0.5974638000000001	-0.47653607	0.027569534	-0.638019	-0.7298775	-0.1896701	0.019018708	-0.28930375	0	1	1.4427014999999999	0.1946664	-0.41308329	0.5520148	1.1259747	0.8150979	-1.0195191	0.17532146	0.5042426999999999	0.76540375	-1.2848547	0.518615406522847	-1.2205193	0.43967399999999995	-0.8911898000000001	-0.64961344	-1.0091233	-1.1979562	0.33561867	-0.9248198000000001	1	1	1.4997638	0.21939577	-1.9246528999999999	1.3258842	-0.61164564	-1.1429286	-2.0445538	0.4354314	-1.5629551000000002	1.4931263000000001	0.20255563	0.5186154000000001	0.5186154000000001	33	3.4343929290771484	0.9594743847846984	2.0146079063415527	-0.5969751477241516	0.7344459295272827
a14	none	si00517741	122	222	0	-0.44193307	0.8313091	-0.9513940999999999	-1.7805883000000002	0.43887539999999997	-0.26322326	-0.06271749	0.6867299	0	0	1.4976614	-1.0037374	-1.5946847	2.1318523999999996	-0.13150476	-0.6660953000000001	-0.44165668	-0.6341216	2.2207386000000002	0.5523682	-0.88045853	2.14313811214178	-0.70595926	0.73818076	0.28825077	-0.29188147	-0.32227078	-0.8983521999999999	-0.33298920000000004	-0.5121435000000001	1	1	1.5134228	-1.017911	-1.1812087	1.3209995	-0.83905613	-0.107258454	-1.3547127	-0.19893375	-0.68550605	1.5164461999999999	-1.0040896000000001	2.1431382	2.1431382	33	1.9917622804641724	3.8840045928955083	2.518298387527466	0.6613549590110779	2.909184455871582
a01	ptk2	none	4	114	1	-1.099337	0.8116848000000001	-0.89387745	0.40114105	-0.86065686	-1.3350968	-0.8911045	-1.1232921	0	2	1.6077588	-0.742101	-1.7968093999999997	0.33582652	-0.74574625	-1.4902395	-2.1752439	-1.3714113	0.27093259	-2.5383093	-1.3933052	0.35284778350050705	-1.3474886000000001	0.90799403	1.0817127	-0.39274332	-0.87072384	-1.6088114	-1.5824223	-1.1439883999999998	1	1	1.645168	-0.7011445	-1.8684623	1.5532418	-0.95576334	-0.7451955	-2.1061513	-1.6619288	-1.3678408000000002	1.6343952	-0.70356363	0.35284778	0.35284778	33	4.170304298400879	0.5483173131942749	2.570595979690552	0.38880982995033264	1.6953870058059692
b09	none	si00584577	290	221	0	-0.86854005	1.4467105	0.8460443000000001	-0.2941041	0.4272583	-1.7446313000000002	-1.6664564999999998	-0.6958810999999999	0	0	1.6344311000000002	-1.34333	-0.41422722	1.9988133999999997	-0.8438959	0.21540299	-1.0195191	0.7135189000000001	2.1040834999999998	-0.23095834	-1.3424143999999998	2.12656134983955	-1.4711168	1.2822871	0.2944799	-1.1477287	-0.64352006	-1.9942038	1.7302847	-1.0607572	1	1	1.6479766	-1.3099577	-1.9938105	1.7449424999999998	-1.5228719	-0.66645133	-2.3740315	1.7435942	-1.2779585	1.6374497	-1.311983	2.1265614	2.1265614	33	4.711660861968994	3.3583874702453613	3.75406813621521	1.939651727676392	1.1238807439804075
a17	none	si00576289	153	192	0	-0.440169	-1.1376723999999998	-0.3491725	-1.7351366000000001	-0.46813223	0.5309925999999999	-0.7921403	0.6387974000000001	0	0	1.5858014999999999	-0.16097781	-0.63681513	1.6828459999999998	-0.6389406	0.29938978	-1.0195191	-1.0057516	1.6374633	-0.5747361999999999	-0.9953449000000001	1.64583524307476	-1.35083	1.4123918	-2.3563216000000002	-2.7813077	0.015250886000000002	-1.7942508000000001	0.5429391	-0.19070718	1	1	1.5025226	-0.19383249	-0.4723433	1.5751696000000002	0.45462367	-0.37464824	-1.9192686	0.34233412	-0.5686361999999999	1.5131857	-0.20692962	1.6458353	1.6458353	33	1.8920793533325195	3.3205645084381104	4.186317443847656	-0.376124918460846	1.9620187282562256
a14	none	si00517741	119	223	0	-0.7632848000000001	0.7386144	-0.94987625	-1.8862318	0.04874372	-0.45463216	-0.43705425	0.37383333	0	0	1.5702511000000001	0.09766633	0.8153636	2.1484822999999995	-0.062212706	-0.9860798000000001	-0.44165668	-0.9823573	2.1207485	-0.5899916000000001	1.08341	2.15971487444401	-0.57898986	0.6128783	-0.28826106	0.21351084	-0.26342717	-0.67717487	-0.537255	-0.55445105	1	1	1.561793	0.06292619	-0.9823806	0.94727653	-0.48163325	-0.23104385	-0.9413101	-0.25631276	-0.64615697	1.5656671999999998	0.07641173	2.1597150000000003	2.1597150000000003	33	2.1155519485473637	4.059371471405028	1.9791924953460691	-0.7691367268562317	2.192272901535034
a07	none	si00574497	63	157	0	-1.133442	0.72126204	-1.5956675	-0.9871196	-0.74065346	-1.1347162	-1.5441141999999999	-0.7652501	0	0	1.3834171	0.06809003	0.220556	1.1174303	0.5904335	0.19029425	1.2919306000000002	0.7135189000000001	0.8875379000000001	-0.60333496	0.5101766999999999	1.06564856249657	-1.250591	0.47406116	-0.12341816	-0.08565331	-1.0394801	-1.2627401000000003	-0.9964953000000001	-1.1224782	1	1	1.3881743999999998	0.1053639	-1.7820153000000003	1.2729454	-0.7476347	-0.8248562	-1.7662453999999999	-1.2958597	-1.3528528	1.3798536	0.105716206	1.0656486	1.0656486	33	3.920246362686157	1.7669453620910645	2.047384023666382	-0.2474069744348526	0.8028517365455627
a01	ptk2	none	1	186	1	-0.9176395	1.0739214	-1.0854173999999999	0.013490516999999999	-0.41075408	-1.3263898	-0.83622956	-0.8388530000000001	0	3	1.5578771	-1.1605736	-0.07402341	1.5664368	-0.2667594	-2.5619326	-2.1752439	-3.4008665000000002	1.4541482	-1.9455056	0.92642194	1.5463746692613602	-0.7560786999999999	1.0546432	-1.7599974999999999	-0.6932274	-0.11596931	-1.2011192	-0.6751733	-0.42333564	1	1	1.5399078000000002	-1.1797159	-0.1352	0.9527101999999998	0.4964128	-0.088008605	-0.8419840000000001	-0.6968304	-0.31089842	1.5413165	-1.1804823	1.5463746999999999	1.5463746999999999	33	2.076451778411865	3.001896381378174	3.0590951442718506	1.0481086969375608	2.54763412475586
a02	abl2	none	11	175	1	-0.6930166999999999	1.282146	0.59657663	-0.37164187	0.17860754	-1.366953	-1.66107	-0.49131640000000004	0	2	1.2413911	-0.26475555	-1.2782178999999998	1.2670991000000003	-1.3717698	0.17050487	-0.44165668	-1.9189688000000003	1.3041631	-0.86780584	-1.0505525	1.3640302839367802	-0.75942004	1.5004086	-0.17747551	-0.7361045	0.5496798	-1.663518	-1.5092263000000001	-0.41125968	1	1	1.2467777	-0.32183036	0.14575277	1.0395682	0.96049017	0.03436176	-0.86354965	-1.502551	-0.2720482	1.2470956	-0.32159024	1.3640302	1.3640302	33	1.595324993133545	2.7558538913726807	2.6590864658355717	-0.08875397592782974	1.3603107929229736
a06	none	si00577689	53	173	0	-0.6806683000000001	0.9567583000000001	-1.6002653999999998	-0.7348125	-0.15749495	-0.9523278000000001	-0.7799499	-0.32956785	0	0	1.0335566999999999	0.35921133	1.1284348	1.3003589	-0.22558628	1.0098054	0.13620575	-0.7258573	1.3874881000000001	0.43449563	-0.72970414	1.33087675933231	-1.2706388000000002	0.38571307	-0.62264687	-0.28153756	-1.1237663999999998	-1.2589327	0.29336447	-1.0898566	1	1	1.0265355999999999	0.39957672	-1.9376199	1.3116624	-1.2936889999999999	-1.0008506	-1.9328709	0.08542004	-1.3093834	1.0290884	0.3827737	1.3308767	1.3308767	33	3.59387755393982	1.697429656982422	2.550467729568481	-0.9892752766609192	1.3408514261245728
a05	none	si00408485	40	188	0	-0.55012834	0.65151113	0.7756611999999999	0.25318453	-0.33141459999999995	-0.68491405	-1.513841	-0.5684996	0	0	1.611034	-0.5464196	-1.3056614	1.3502486	-1.2680641000000001	0.65652853	-1.0195191	0.35155204	1.3374932	-1.433624	-0.7939124	1.57952819386582	-1.7050077000000001	0.29153379999999995	0.6519307	-0.10270957	-1.6641203999999998	-1.7244869999999999	-1.270434	-1.6447179	1	1	1.6443704	-0.53084886	-2.0586457	1.1723253999999999	-0.039520018	-1.5885147	-2.1710742	-1.5450726000000001	-1.9085824	1.6348293999999999	-0.5347725	1.5795282	1.5795282	33	5.478439807891847	2.0753469467163086	1.1596696376800537	0.454162985086441	1.6295191049575806
a13	znf729	si00575589	111	198	0	-1.2933829	-0.8272765999999999	-0.737088	-1.4645514	-1.5745681999999999	-1.1578156000000002	-0.603295	-0.8055777	0	0	1.5298767	-1.0723778	0.20161241	1.6994758	0.2981959	-1.1415886	-1.0195191	-0.5303315	1.8207784	0.6628411999999999	0.696084	1.7452958168881598	-1.0133587	0.9461065000000001	-1.1072214	0.21464738	-0.52815694	-1.3707614	-1.0667436000000001	-0.96050227	1	1	1.5200301	-1.0893718000000001	-0.9650912	0.47329777	0.8616688	-0.9517032	-1.0186806000000002	-0.7587480999999999	-1.1311133999999998	1.5221886999999998	-1.0819299	1.7452957999999998	1.7452957999999998	33	3.8497025966644287	2.859673500061035	1.2927688360214231	1.3065623044967651	1.7911782264709473
a06	none	si00577689	52	157	0	-0.1732089	0.9621305	0.6342285	-0.50624907	0.38893947	-0.53800553	1.6510956	0.02954699	0	0	1.6120347	0.53698415	0.100565106	0.75157326	-1.3665798	-1.0512533000000002	-1.5973815	-1.1434520000000001	0.9708629000000001	-0.3358696	1.7864406000000004	1.06564856249657	-1.2572736	0.28825143	-1.3298997	-2.4842477	-0.9958196	-1.0360378000000001	1.6423256000000002	-0.22467078	1	1	1.627271	0.62887985	-0.37725159999999996	0.48079982	1.1805302	-0.9123986999999999	-0.99279153	1.6312348	-0.7521135999999999	1.6299525	0.6275622	1.0656486	1.0656486	33	1.9899241924285889	2.415457248687744	2.343975305557251	-1.303076982498169	1.5164778232574463
a14	none	si00517741	118	192	0	-1.1790135	0.018774342	-1.4085404	-1.4352406	-1.254535	-1.1188105	-0.4812653	-0.6219799	0	0	0.9731839	0.66868466	1.4665268999999999	1.5165472	-0.7355814	0.49031729	0.7140681999999999	-0.43068036	1.7541183	0.7395891	-0.58533806	1.64583524307476	-1.0367478	0.49761721	-1.5497564	-1.771311	-0.6352411	-0.8932669	-0.8477427	-0.29507148	1	1	0.9781072000000001	0.65807825	-0.62794787	0.9214889999999999	0.21423133	-0.56117	-1.1567674	-0.8452919	-0.6079403	0.9790449000000001	0.6684361999999999	1.6458353	1.6458353	33	2.608969211578369	2.735592126846313	2.6203856468200684	-1.189036250114441	0.1574983149766922
a06	none	si00577689	51	207	1	-0.5204333999999999	0.9707809000000001	-1.1338377	-0.17941806	0.06975489	-0.7997521	0.7928488	-0.4021361	0	2	1.574367	-0.07112916	0.08556618	1.8824043000000001	0.008542177	0.88518304	-0.44165668	0.7135189000000001	1.5374732	-1.1233563	-0.54323447	1.89448667760827	-0.8997546000000001	0.44377935	0.015240152	0.10674764	-0.69156873	-0.88847685	0.86767155	-0.81974274	1	1	1.6336831	-0.0598026	-2.0370340000000002	0.6475439000000001	-1.702923	-1.123765	-1.3133446000000002	0.94146687	-1.2506541000000002	1.6232977	-0.07274689999999999	1.8944866999999999	1.8944866999999999	33	3.5496315956115723	3.3075339794158936	1.774543523788452	-0.0565766766667366	0.9921638369560242
a24	abl2	none	214	176	0	-1.2925008999999998	1.5924908000000002	-0.24423072	-2.1259623	0.650141	-2.4371881	1.7461044	-0.3297075	0	0	1.6514444	-1.0271442	-1.4329218000000001	1.3169888	-1.3758368	-0.16968971	-2.7531064	-4.024958600000001	1.1875081	-1.2694458999999998	-2.0217883999999997	1.3806070462390199	-1.160376	1.4462191	2.1377337000000005	-0.7447536	-0.05047274400000001	-1.9131194	-1.7153491	-0.82775146	1	1	1.6466401999999998	-1.0157313000000001	-1.7042130000000002	1.8810452000000002	-1.3236667	-0.03482717	-2.3096123	-1.7262961	-1.0263335	1.6350120000000001	-1.0172564	1.380607	1.380607	33	3.400696992874145	1.822215795516968	4.183131694793701	0.25299763679504395	4.025613784790038
a10	none	si00580125	84	159	0	-0.9244017	0.40857738	0.45076045	-1.3004538	-0.83911014	-0.93568766	-1.5235995	-0.32286456	0	0	1.6165399999999999	-0.62094927	-1.53259	0.9012421	-1.0284183	-0.021836795	0.13620575	-0.9204389000000001	0.9375329	-0.85307455	0.8646065000000001	1.09880208710104	-1.4410450000000001	0.86593205	-0.77597284	-0.73505795	-0.95939195	-1.6312321	-1.1577666000000002	-1.1533388	1	1	1.6418929	-0.6179931	-1.7344694999999999	1.3095546	-0.52334505	-1.0113454	-1.9371661	-1.4503322	-1.3865413999999998	1.6322596	-0.6206738	1.0988021000000001	1.0988021000000001	33	3.972155094146729	1.79737651348114	2.6550025939941406	0.6386598348617554	1.9115056991577148
a18	none	si00582393	159	168	0	-0.73770607	1.3758525	1.1862883999999998	-0.43166047	0.43342784	-1.4971541000000002	-1.7151504000000002	-0.5132354	0	0	1.6320204	-0.46107668	-0.8772546	1.1008004999999998	-0.8873914	0.22461803	-1.0195191	0.7135189000000001	1.1208481000000001	-0.68548286	-1.2145034	1.2479929478211398	-0.65918106	1.146899	-0.8605957000000001	-0.0008045178	0.05775131	-1.227049	-1.1467108999999998	-0.5613696	1	1	1.6198489999999999	-0.40946785	-1.185531	1.5727091999999998	-0.5929439000000001	0.20204107	-1.5716948999999998	-1.3710904	-0.7952213	1.6287688	-0.4085495	1.2479930000000001	1.2479930000000001	33	2.5336272716522217	2.7609963417053223	3.0391263961791988	0.48282244801521296	0.3724996745586395
a01	ptk2	none	9	122	1	-0.8929428	0.7991231	-0.36638927	0.013154873999999999	-0.6055148	-1.1032426000000002	0.941734	-0.8135505000000001	0	3	1.4157435	0.63690156	-1.3424519	0.33582652	-0.7480108	-0.62664646	0.7140681999999999	0.62989855	0.28759759999999995	-0.84150934	0.22061668	0.48546188191837897	-1.2138367	1.3126216999999998	-1.8047204	-0.43992546	-0.32283959999999995	-1.820645	0.8743127	-0.9816349	1	1	1.3995302	0.63889843	-0.6409149000000001	1.0860014999999998	1.0325247	-0.57242674	-1.3580941999999998	0.9115346	-0.91421854	1.4008365	0.6402664	0.48546190000000006	0.48546190000000006	33	2.8521242141723637	1.3667138814926147	2.4773170948028564	-1.0817614793777466	0.0007681379211135209
a06	none	si00577689	49	166	1	-0.10793892	1.3246204	0.38441956	-0.14464131	1.201295	-0.9306946	0.04544655	-0.079851285	0	2	1.4526405	-0.23141460000000003	0.22599243	1.1673200000000001	0.04795656400000001	0.9884559000000002	-1.0195191	0.7135189000000001	1.237503	0.78317785	-0.5604286	1.21483942321668	-1.7851988999999997	1.379037	0.5826853	-0.7013498	-1.0568293	-2.4500022	0.06355896	-1.6020751	1	1	1.459668	-0.28242883	-1.9462646000000001	1.4878565000000001	0.25670427	-1.3963261	-2.4113569999999998	-0.17767231	-1.8789688000000002	1.4553457	-0.27094737	1.2148395	1.2148395	33	4.609532833099365	1.5574179887771606	2.669915199279785	-0.020767731592059132	2.010263204574585
a15	none	si00370398	130	192	0	-0.5901135999999999	0.7947765999999999	-0.997531	-1.0362713	-0.06856002	-0.63709503	-1.4602158	-0.080003545	0	0	1.6126907	-0.96302176	-1.5935867	1.4500277	-1.6209568	-0.47496927	-1.0195191	-1.8056718	1.5041432	-0.7720291	-1.3479003999999999	1.64583524307476	-1.8319771	1.2663544	0.5400994	-1.0422714	-1.2235296	-2.3880982000000004	-1.5920372999999999	-1.5757011	1	1	1.649702	-0.96909004	-2.2661185	1.7026290000000002	-0.9726950000000001	-1.3087604	-2.659431	-1.6568953000000002	-1.8340505	1.6400973	-0.97148204	1.6458353	1.6458353	33	4.9876976013183585	1.9352097511291504	3.4899289608001713	0.36495688557624817	3.6270456314086914
a02	abl2	none	11	182	1	-0.72212356	1.4333473	-1.7752042000000001	-1.0789118999999998	0.68616486	-1.5828446000000003	-0.57772106	-0.20105639	0	3	1.5212475	0.33984783	-0.06369339	1.4666576	-0.4212222	1.4033253	-2.1752439	-3.4563415	1.4208181999999998	-1.6874069	-1.2588016000000002	1.4800676200524199	-1.1303041999999999	1.1261731000000001	-1.1279919	0.13378099	-0.50500315	-1.6279991000000003	-0.9104614	-1.0558515	1	1	1.4420973999999998	0.28732440000000004	-0.5976914000000001	0.9727584999999999	1.2900821000000002	-0.56059074	-1.2150108	-0.8953501	-0.9640276	1.4429755	0.28747407	1.4800676000000001	1.4800676000000001	33	2.8553147315979004	2.2518630027771	2.705451488494873	-1.7789016962051392	3.737229824066162
a16	unknown	si00582085	138	139	0	-0.97320724	1.350096	-2.0795488	-0.24588193	-0.031238602	-1.6553544999999998	0.71775633	-0.82383406	0	0	1.4684399	-0.114837736	-1.0754606000000002	0.8014628	0.41113809999999995	0.49190548	-0.44165668	0.7135189000000001	0.9208679	1.113895	-0.3252328	0.767266841056357	-0.5021399999999999	0.9020053	-0.73760283	0.1376353	0.009840163	-0.84667534	0.8253105	-0.46325293	1	1	1.4478163	-0.10372085	-1.0039923000000002	1.3681861000000002	-0.83156484	0.31070894	-1.1544206	0.6761792	-0.5143451	1.4498756000000002	-0.093669586	0.76726687	0.76726687	33	1.853577733039856	2.0942907333374023	2.9030542373657227	0.08842230588197708	0.4393883943557739
b03	none	si00338086	241	180	0	-1.4021662	1.294876	-2.1422412	-0.562816	-1.017493	-2.0676243000000003	-1.0083307	-1.3157959	0	0	1.0798273999999999	0.29757264	-0.5223569	1.5165472	0.15913682	-0.4887505999999999	-1.0195191	-0.69845176	1.5708033000000001	1.0800104	0.35950333	1.44691409544795	-1.5446254	1.1100153	-0.673348	-0.28598106	-1.0124104999999999	-2.0007699	-1.1191001	-1.4026551999999999	1	1	1.0934888	0.30518920000000005	-1.5875096000000002	1.625744	0.41788146	-0.863667	-2.2878585	-1.1603694	-1.5617325	1.0854938	0.30932164	1.4469141	1.4469141	33	5.142260551452637	1.346253752708435	3.2178926467895512	-0.9269246459007264	1.448662281036377
a01	ptk2	none	6	179	0	-0.9793814000000001	1.470739	0.39808387	-0.706464	0.37231138	-1.8596338	1.6570348000000001	-0.674927	0	0	1.6364923	0.17469183	0.31574222	1.3502486	-0.6118544	-0.66206944	-1.0195191	0.7135189000000001	1.3208281000000002	-0.32515559999999993	1.6631088	1.43033733314572	-1.3608539	1.5897459999999999	0.93612397	-1.4550874	-0.0023098635	-2.2309103	-1.6757362	-0.8152564999999999	1	1	1.648866	0.12131691	-2.0543234	2.0686572	-2.0866416	0.049539812	-2.7184436	-1.7281696	-1.0899983999999998	1.6398517	0.12353712	1.4303373	1.4303373	33	3.998103857040405	2.4500222206115723	4.754218578338623	-0.03118888475000858	0.3251119554042816
a17	none	si00576289	152	164	0	-1.0117223	1.0436299999999998	-0.20839967	-0.8134132	-0.6378935	-1.4439915	-0.44118917	-0.67290205	0	0	1.2241799999999998	0.03238466	0.47886154	1.1506901000000003	0.34157023	0.7619720999999999	0.7140681999999999	0.53176904	1.2208381000000001	0.32269317	-0.79337823	1.18168589861221	-1.3608539	-0.16514131	0.08909885599999999	-0.05564515	-1.4459451	-1.148403	-0.5013365	-1.2507846000000002	1	1	1.2475815000000001	0.078595705	-1.9851657999999999	1.2766046999999998	-0.39925244	-1.2889541000000002	-2.0822077	-0.34353462	-1.7067211	1.2500305	0.060249493	1.1816859	1.1816859	33	4.627555847167969	1.5337277650833132	1.4389212131500244	-0.2386535555124283	0.7322866916656494
a05	none	si00408485	40	183	0	-0.89794093	0.85402054	-0.91550916	-0.7140512	-0.46386772	-1.0516145000000001	-0.47421476	-0.57584393	0	0	1.5748212	0.27938935	0.69700646	1.4500277	-0.5419068	0.669435	-1.5973815	-0.5952036	1.5208082	0.018029094	-0.79171664	1.4966443823546498	-1.4978472	0.13739529	-2.1446457000000003	-1.4459883999999998	-1.3470893	-1.2697083999999998	0.87759775	-0.993082	1	1	1.5874034	0.31559026	-1.3368133	-1.547719	-0.6604814999999999	-1.957868	-0.8529164	-0.37838092	-0.9179771999999999	1.5921371000000002	0.30392414	1.4966443999999999	1.4966443999999999	33	3.803014039993286	2.517025947570801	1.593331813812256	-0.9577355980873108	1.5150474309921265
a20	none	si00582757	179	130	0	-0.9164635	1.2189742000000001	-0.14634411	-0.03183471	-0.2620716	-1.4861788	-0.3839571	-0.82509714	0	0	1.2176943999999998	-0.107995205	1.1969691999999998	0.651794	0.3653748	-0.61850727	0.13620575	0.7135189000000001	0.57090276	-0.15549542	0.57733333	0.618075980336251	-0.8128808000000001	1.0312443	-0.67084223	0.13862739999999998	-0.22602314	-1.2514545	-0.5863898	-0.7461974	1	1	1.2191535	-0.10520421	-0.5631126000000001	1.1329398000000002	0.5142471	-0.12363045	-1.1004383999999998	-0.59046865	-0.66671413	1.2192323	-0.10473529	0.61807597	0.61807597	33	2.3140788078308105	1.6232683658599854	1.964138984680176	0.2553265988826752	-0.06579580903053284
a22	none	si00583205	192	227	0	-1.3886418	0.7480235	-0.7168748	-0.53118056	-1.3607984	-1.7092153	-1.1162905	-1.3007388	0	0	1.130015	-0.63865924	-0.8134321	2.3480406000000005	0.6545681	0.32004583	0.13620575	0.7135189000000001	2.2040737	-0.1477321	0.6120705	2.2260219236529504	-1.2840040000000001	0.71878153	-0.9686094000000001	-0.9881671000000001	-0.9314877	-1.4279548	-1.2923563	-0.8873763000000001	1	1	1.1300806	-0.6370311	-1.6653118999999998	0.5881166999999999	-0.5592045	-1.3396523999999999	-1.4344622999999999	-0.6965168	-1.2989687	1.1292275	-0.645314	2.226022	2.226022	33	4.891916751861572	3.070765495300293	2.362459421157837	1.2040135860443115	0.4128735065460205
b11	ccdc141	si00493829	307	163	0	-0.49955879999999997	-1.7901548999999999	-0.4253157	0.17445228	-0.9295539	0.11014009	-0.0454077	-0.5028695	0	0	1.4863049	-0.5049825	1.0053290000000001	1.2005798	1.0802183	0.3620127	0.13620575	0.09798137	0.9208679	-0.94028413	-0.8723120000000001	1.16510913630997	-1.2639562	0.042804517	-1.9695977999999998	-1.3679293	-1.1672351	-0.99935627	0.5559586	-0.7292576999999999	1	1	1.5466707	-0.47772935	-1.6912459999999998	0.81162745	-1.4880502	-1.23361	-1.5517014999999998	0.99653655	-0.9368139999999999	1.5365562	-0.48650852	1.1651091999999998	1.1651091999999998	33	3.1424226760864262	2.388319730758667	1.802266240119934	0.8460347652435303	0.09919839352369307
a22	none	si00583205	191	162	0	-0.58629143	1.2394074	-0.97645044	0.41763234	0.26026997	-1.2136023999999999	-1.1045187	-0.6447621	0	0	0.53267455	0.119247496	1.2297989	1.2172096000000001	0.7037036999999999	-0.5609826	1.2919306000000002	0.7135189000000001	0.9208679	-1.0579511000000001	0.47625136	1.14853237400774	-0.8997546000000001	1.0747467	-0.52636313	0.12609154	-0.28080195	-1.3668886	-1.1672512	-0.8252777	1	1	0.52394474	0.06804727	-1.3152015	1.5702184	-0.50684035	-0.07997255	-1.7353971999999998	-1.2981205	-0.95886564	0.5131025	0.06815671	1.1485324	1.1485324	33	2.545900583267212	1.5599712133407593	2.574162483215332	-0.021037017926573757	-0.21275867521762848
a06	none	si00577689	51	170	1	-1.2680981000000002	1.3533611	-1.7597729	-0.84938383	-0.5536955	-1.9305679	-0.33038986	-1.0162871	0	1	1.0979426	-0.51897556	1.0676298999999998	1.2670991000000003	-0.24231999	0.682955	0.13620575	0.6123928000000001	1.3208281000000002	-0.02596934	-0.6892590999999999	1.28114647242561	-1.6047688	0.6397643	-0.82944584	-0.91986376	-1.3157586000000001	-1.6963714	-0.51458144	-1.3021071000000002	1	1	1.0763049999999998	-0.5164729	-1.877107	1.3685919	-0.44194609999999995	-1.1397415000000002	-2.0960407	-0.34772828	-1.5715582000000001	1.0765533	-0.5274727	1.2811465	1.2811465	33	4.8055458068847665	1.4271764755249023	3.058990001678467	0.6324461698532104	1.2145204544067385
a06	none	si00577689	50	194	1	-0.7747512	0.45279744	-0.10865811	-0.44195485	-0.7181999	-0.8517153000000001	-1.6050073	-0.5470694	0	1	1.3220501	0.2248239	-0.011548485	1.8657745	1.0666882	0.27146918	-0.44165668	0.22554559	1.6041332	-0.5380121999999999	0.7358456	1.6789887676792299	-1.2338846	1.0781329	-2.5020477999999997	-1.9019681	-0.5258831	-1.5679107	-1.1387829	-0.47570637	1	1	1.3175356000000003	0.21659237	-0.308094	0.505288	0.9367868	-0.87531286	-0.9840156999999999	-1.1776464	-0.6127395	1.3184106000000002	0.21884988	1.6789888	1.6789888	33	2.8977267742156982	3.1028347015380864	2.823992252349853	-0.3474569320678711	0.3795079588890076
a13	znf729	si00575589	114	170	0	-1.0270108	0.2729295	0.59179074	0.25085327	-1.0256758	-1.0257462	1.1765523	-1.0126878000000001	0	0	1.6142893999999999	0.12520115	-0.82918316	1.2338394	-0.1251974	1.0637112	-0.44165668	0.7135189000000001	0.9708629000000001	-0.9604218000000001	0.11230230000000001	1.28114647242561	-1.2806627	0.98018473	-0.6906536999999999	-1.1950608	-0.71244633	-1.5738418	1.5701157	-0.8121115	1	1	1.6447153	0.13115723	-1.7560812	1.6097822	-1.4083005	-0.5438046	-2.0758617	1.6639075	-1.0476154	1.634433	0.13173139	1.2811465	1.2811465	33	4.0301175117492685	2.396397352218628	3.1239709854125977	0.25406238436698914	-0.5992946624755859
a04	none	si00577353	36	193	1	-0.53748596	1.2948742	-1.1368114	-0.004745785	0.5652799	-1.1832508999999998	0.41432559999999996	-0.47741488	0	2	1.5333287	-0.46471998	1.0877455	1.7327355	0.4600196	0.7780998	-0.44165668	0.7135189000000001	1.6374633	-0.18076489999999998	-1.0039011	1.6624120053769897	-1.1135978000000002	1.4524219999999999	-1.4558362	-0.68180746	-0.022593562999999997	-1.9091004	0.5158613000000001	-0.7971845999999999	1	1	1.557631	-0.44686925	-1.2806227	1.8226423999999999	-1.040194	0.28640956	-2.0185702	0.6005611	-0.6966901	1.5532255	-0.45599976	1.662412	1.662412	33	2.87947154045105	3.254798173904419	4.245532035827637	0.6096835732460022	0.7258020639419556
a11	loc388499	si00515081	99	141	0	-1.1440264	0.6525385	-2.8199284	-1.2797915000000002	-0.652636	-0.9826527	-1.0092367	-0.6480693000000001	0	0	1.1527844999999999	0.21238916	0.09320872	0.6684239000000001	-0.93066984	-0.11845293	-0.44165668	0.7135189000000001	0.7875478	0.44441320000000006	-0.6781286	0.800420365660825	-1.1703998	1.1338794	-1.2024796	-1.6538747999999999	-0.35545513	-1.52427	-1.623368	-0.5041770000000001	1	1	1.1704735000000002	0.24885365	-1.3713921	0.5430387	-1.8840822	-1.0776848999999997	-1.1830602	1.5610901000000001	-0.37768772	1.1638905000000002	0.24259274	0.80042034	0.80042034	33	2.444624900817871	1.48333740234375	3.688730955123901	-0.6602208018302917	0.6662766337394714
a16	unknown	si00582085	140	163	0	-0.7327079000000001	0.76827914	-0.009477588	-0.21886602	-0.4073692	-0.8947354	0.13783777	-0.5838866	0	0	0.52502537	-0.04582324	0.42072308	1.1839498	-0.26299122	0.87919855	1.2919306000000002	0.7135189000000001	1.137513	-0.6210566999999999	-0.9735223	1.16510913630997	-1.6448643	0.45035893	0.10996787	-0.30709990000000004	-1.5022086000000001	-1.6949522000000001	-0.43722585	-1.5198921	1	1	0.49307629999999997	0.0024375526999999998	-2.0154223	1.2864218	-0.30270225	-1.3819652	-2.1559281	-0.25600195	-1.7737819	0.49338093	-0.01191973	1.1651091999999998	1.1651091999999998	33	4.5726318359375	0.8333724141120911	1.5560059547424316	-0.01603766717016697	0.4629418551921845
b02	abl2	none	228	147	0	-1.4001082	0.28660630000000004	-1.1391735	-0.8466999	-1.5717039	-1.6174153999999998	-1.1052790000000001	-1.2368926000000002	0	0	1.4817559	0.37280384	-0.801733	0.6684239000000001	-0.88016003	-0.12789236	-0.44165668	-0.7487457	0.8542079	-0.27272797	0.7367448	0.8998809394742291	-1.5379428	1.5465293	-1.0066401	-0.88787615	-0.4467398	-2.3880541	-1.399318	-1.226507	1	1	1.4768378999999998	0.37146914	-0.7014278	0.9652995999999999	1.7955027	-1.0339489	-1.5556931	-1.3463732	-1.2033811	1.4778941	0.36983877	0.89988095	0.89988095	33	4.309419631958009	1.3071438074111938	2.611699104309082	-0.9238920807838441	1.2240171432495115
a05	none	si00408485	39	162	1	-0.9017629999999999	1.2383847	-1.8262281000000002	-1.3492055	0.0076044947	-1.3631108	1.1023258999999999	-0.26310623	0	2	1.274286	0.89327455	0.43610108	1.1174303	-0.48526132	-0.995502	-1.0195191	-1.9083477	1.3541582	1.5434955	0.43007246	1.14853237400774	-1.0200413000000002	1.3065261000000001	-1.2505006	-0.17993599999999998	-0.14766154	-1.6845461	1.1883053999999997	-0.85508996	1	1	1.2731078000000002	0.8617195	-0.47666565	0.9846905	0.97133654	-0.44116995	-1.1412071000000001	1.0976071000000003	-0.7595853	1.2741073	0.86458725	1.1485324	1.1485324	33	2.345455884933472	1.9730743169784544	2.909319400787353	-2.206955909729004	2.1306746006011963
a01	ptk2	none	6	172	1	-0.40224186	-0.73756063	0.5166541	-1.1468948	-0.5982064	0.13489772	1.5686051	0.18364012	0	1	1.5904425	0.49356640000000007	-0.92753327	1.4001381000000002	0.028787652	1.5601212	-0.44165668	0.21150969	1.2874981	-1.2378919	0.42098314	1.3142999970300802	-1.2639562	0.8987190999999999	-0.86022186	-0.6767584	-0.7396005	-1.4842194	1.3317927999999999	-0.9650308000000001	1	1	1.5364071000000001	0.52906036	-1.8252388	1.5268531	-1.3014729	-0.629637	-1.9960409	1.468234	-1.1745825	1.5490086	0.5294476	1.3143	1.3143	33	3.2572336196899414	2.5455236434936523	2.601650714874268	-0.8061825037002563	0.8092046976089478
b03	none	si00338086	243	230	0	-1.5112436000000002	1.0994456	-0.20937864	-0.732591	-1.5035998	-2.1266217	1.7309818	-1.480236	0	0	1.6458688999999997	-1.0406612	-2.0942311	2.181742	-0.47273418	-0.750233	-2.1752439	-1.4187961	2.0874186000000003	-1.000341	-0.72632486	2.27575221055965	-1.7417619999999998	1.2583448999999998	0.31663465	-0.7775531999999999	-1.0943534	-2.2818942000000004	-1.608494	-1.5229948	1	1	1.6490716	-1.0162487	-2.1796715	1.7303188999999999	-0.8383769	-1.1194389	-2.597556	-1.6650668000000002	-1.7771326	1.6393512	-1.0183096	2.2757522999999997	2.2757522999999997	33	6.487078666687013	2.569243669509888	3.582569360733032	1.0623729228973389	2.1292524337768555
b04	none	si00587069	246	241	0	-0.9258718	0.93374234	0.5197622000000001	0.39018518	-0.53220534	-1.212107	1.5234954	-0.9418588999999999	0	0	1.6241921000000001	0.41433149999999996	-1.0478528	2.1318523999999996	-0.57313126	-0.94952214	-1.0195191	0.6919804	2.1707435	-1.0968156999999998	0.16238844	2.45809659588423	-1.5312601000000001	0.7833230999999999	0.42097804	-0.64444435	-1.1687148	-1.7167936999999998	1.478381	-1.2892765	1	1	1.6455491999999998	0.41100666	-1.9938105	1.46017	-0.92376095	-1.0833547	-2.1800509999999997	1.6122365	-1.5247382	1.6353757	0.41345525	2.4580965	2.4580965	33	5.534347057342528	3.510263681411743	2.431952476501465	-0.6667856574058533	0.18564312160015106
a16	unknown	si00582085	141	207	0	-1.3486566999999998	0.6710286999999999	-2.3788563999999996	-1.7230331	-1.1862522	-1.4903973	0.89763576	-0.77107096	0	0	1.4712687	-0.42933756	1.0790751	2.0653330000000003	0.8667729	0.42589208	-0.44165668	0.18392448	1.7207883999999998	-0.5594154	-0.6049512	1.89448667760827	-1.5312601000000001	0.28257516	0.10735430000000001	0.95183015	-1.5367787	-1.586546	0.528456	-1.6689537	1	1	1.4416455	-0.41056126	-2.2747632999999996	0.7488166999999999	-0.0053012630000000005	-1.8586029999999998	-1.979759	0.75463295	-2.1657767000000003	1.4554373999999999	-0.40917262	1.8944866999999999	1.8944866999999999	33	5.944804191589356	2.1846444606781006	1.151792287826538	0.02826767787337303	2.5695104598999023
a05	none	si00408485	39	140	1	-1.0696421999999999	1.3785348	-2.0479956	-0.36798778	-0.25720644	-1.8425951	-0.98381305	-0.89852875	0	2	0.9036773000000001	-0.6708673	1.1843799	0.7349434	-0.29020274	0.8206825000000001	-0.44165668	0.67435795	0.82087785	0.5990517	-0.8478984	0.7838436033585909	-0.9131198	0.61131746	-0.6485704000000001	0.47232106	-0.6658373000000001	-1.0546266000000002	-1.1345751	-0.93312186	1	1	0.89363587	-0.67712903	-0.8786441999999999	0.89508605	0.3837477	-0.5170135	-1.0938835	-1.0508688999999998	-0.8899027	0.8982121	-0.6817211999999999	0.7838436	0.7838436	33	2.8083391189575195	1.1434999704360962	1.7317466735839844	0.8280293345451355	1.0451877117156982
a05	none	si00408485	41	185	1	-0.99261177	1.3430520000000001	-2.171262	-2.0285290000000002	0.20148894	-1.5160832	-0.42604217	0.16616465	0	3	1.3216912	1.598725	-0.37583962	1.5165472	-0.11002382	-1.3617545	-1.0195191	-1.9077666000000002	1.7041234	1.4851469	0.044623144000000003	1.52979790695912	-1.2840040000000001	1.2745382	-1.4356147	-0.57769173	-0.5177421	-1.8897392	-0.7353926	-1.0180724	1	1	1.3138821000000003	1.5952488999999999	-0.5285338	1.2383013	1.4000058000000002	-0.45590920000000007	-1.4716038999999999	-0.75246793	-0.9441944999999999	1.315679	1.5983658	1.5297979	1.5297979	33	2.9564454555511475	2.227052927017212	3.4387848377227783	-3.7569546699523926	2.6347813606262207
